Accessibility,Address,Analyzed,Balance,Balance_dormant,Current Balance,Label,Nonces_Checked,Potential_Weakness,Rank,Status,Total Received,Total Sent,Transactions,Type
Likely Stolen/Frozen,1FeexV6bAHb8ybZjqQMjJrcCrHGW9sb6uF,True,,"79,957 BTC",79957.27 BTC,wallet: MtGox-Hack,False,High Analysis Priority (Lattice/Bias),1,Dormant,79957.27 BTC,0.00 BTC,671.0,Legacy (1...)
Unspent/Lost Keys?,1LdRcdxfbSnmCYYNdeYpUnztiYzVfBEQeC,True,,"53,880 BTC",53880.07 BTC,,False,High Analysis Priority (Lattice/Bias),2,Dormant,53880.07 BTC,0.00 BTC,245.0,Legacy (1...)
Unspent/Lost Keys?,1AC4fMwgY8j9onSbXEWeH6Zan8QGMSdmtA,True,,"51,830 BTC",51830.40 BTC,,False,High Analysis Priority (Lattice/Bias),3,Dormant,51830.40 BTC,0.00 BTC,159.0,Legacy (1...)
Likely Known/Exchange,12ib7dApVFvg82TXKycWBNpN8kFyiAN1dr,True,,"31,000 BTC",31000.08 BTC,wallet: 967,True,High Analysis Priority (Lattice/Bias),4,Spent/Active,52700.08 BTC,21700.00 BTC,250.0,Legacy (1...)
Unspent/Lost Keys?,12tkqA9xSoowkzoERHMWNKsTey55YEBqkv,True,,"28,151 BTC",28151.06 BTC,,False,High Analysis Priority (Lattice/Bias),5,Dormant,28151.06 BTC,0.00 BTC,212.0,Legacy (1...)
Unknown,17rm2dvb439dZqyMe2d4D6AQJSgg6yeNRn,True,,"20,008 BTC",20008.00 BTC,,True,High Analysis Priority (Lattice/Bias),6,Spent/Active,20008.66 BTC,0.66 BTC,118.0,Legacy (1...)
Unspent/Lost Keys?,1PeizMg76Cf96nUQrYg8xuoZWLQozU5zGW,True,,"19,414 BTC",19414.43 BTC,,False,High Analysis Priority (Lattice/Bias),7,Dormant,19414.43 BTC,0.00 BTC,150.0,Legacy (1...)
Unknown,1GR9qNz7zgtaW5HwwVpEJWMnGWhsbsieCG,True,,"15,746 BTC",15745.56 BTC,,True,High Analysis Priority (Lattice/Bias),8,Spent/Active,15745.57 BTC,0.01 BTC,108.0,Legacy (1...)
Unspent/Lost Keys?,1F34duy2eeMz5mSrvFepVzy7Y1rBsnAyWC,True,,"10,771 BTC",10770.54 BTC,,False,High Analysis Priority (Lattice/Bias),9,Dormant,10770.54 BTC,0.00 BTC,128.0,Legacy (1...)
Unspent/Lost Keys?,1Ki3WTEEqTLPNsN5cGTsMkL2sJ4m5mdCXT,True,,"10,000 BTC",10000.03 BTC,,False,High Analysis Priority (Lattice/Bias),10,Dormant,10000.03 BTC,0.00 BTC,72.0,Legacy (1...)
Unspent/Lost Keys?,1P9fAFAsSLRmMu2P7wZ5CXDPRfLSWTy9N8,True,,"9,425 BTC",9424.78 BTC,,False,High Analysis Priority (Lattice/Bias),11,Dormant,9424.78 BTC,0.00 BTC,61.0,Legacy (1...)
Unspent/Lost Keys?,1HLvaTs3zR3oev9ya7Pzp3GB9Gqfg6XYJT,True,,"9,260 BTC",9260.02 BTC,,False,High Analysis Priority (Lattice/Bias),12,Dormant,9260.02 BTC,0.00 BTC,113.0,Legacy (1...)
Unspent/Lost Keys?,167ZWTT8n6s4ya8cGjqNNQjDwDGY31vmHg,True,,"8,999 BTC",8999.01 BTC,,False,High Analysis Priority (Lattice/Bias),13,Dormant,8999.01 BTC,0.00 BTC,78.0,Legacy (1...)
Unspent/Lost Keys?,18zuLTKQnLjp987LdxuYvjekYnNAvXif2b,True,,"8,021 BTC",8020.70 BTC,,False,High Analysis Priority (Lattice/Bias),14,Dormant,8020.70 BTC,0.00 BTC,50.0,Legacy (1...)
Unspent/Lost Keys?,3PWn1AGqo8HWH8mXSsxx1Ytk87zMAAziFU,True,,"8,000 BTC",8000.03 BTC,,False,High Analysis Priority (Lattice/Bias),15,Dormant,8000.03 BTC,0.00 BTC,29.0,P2SH (3...)
Unspent/Lost Keys?,198aMn6ZYAczwrE5NvNTUMyJ5qkfy4g3Hi,True,,"8,000 BTC",8000.01 BTC,,False,High Analysis Priority (Lattice/Bias),16,Dormant,8000.01 BTC,0.00 BTC,325.0,Legacy (1...)
Likely Known/Exchange,15Z5YJaaNSxeynvr6uW6jQZLwq3n1Hu6RX,True,,"7,941 BTC",7941.07 BTC,wallet: 559,True,High Analysis Priority (Lattice/Bias),17,Spent/Active,14288.19 BTC,6347.12 BTC,138.0,Legacy (1...)
Unspent/Lost Keys?,13eEt6myAo1zAC7o7RK5sVxxCNCAgd6ApH,True,,"7,000 BTC",7000.14 BTC,,False,High Analysis Priority (Lattice/Bias),18,Dormant,7000.14 BTC,0.00 BTC,31.0,Legacy (1...)
Unspent/Lost Keys?,1DzjE3ANaKLasY2n6e5ToJ4CQCXrvDvwsf,True,,"7,000 BTC",7000.01 BTC,,False,High Analysis Priority (Lattice/Bias),19,Dormant,7000.01 BTC,0.00 BTC,57.0,Legacy (1...)
Unspent/Lost Keys?,1FJuzzQFVMbiMGw6JtcXefdD64amy7mSCF,True,,"6,999 BTC",6999.00 BTC,,False,High Analysis Priority (Lattice/Bias),21,Dormant,6999.00 BTC,0.00 BTC,53.0,Legacy (1...)
Unspent/Lost Keys?,1Ac2JdpQ5c9NeSajdGx6dofxeXkn4S35ft,True,,"6,878 BTC",6877.72 BTC,,False,High Analysis Priority (Lattice/Bias),22,Dormant,6877.72 BTC,0.00 BTC,35.0,Legacy (1...)
Unspent/Lost Keys?,1AYLzYN7SGu5FQLBTADBzqKm4b6Udt6Bw6,True,,"6,512 BTC",6511.96 BTC,,False,High Analysis Priority (Lattice/Bias),23,Dormant,6511.96 BTC,0.00 BTC,38.0,Legacy (1...)
,1JxmKkNK1b3p7r8DDPtnNmGeLZDcgPadJb,True,"6,316 BTC","6,316 BTC",,,False,High Analysis Priority (Lattice/Bias),24,,,,,
,1LBBmkr9muf7RjjBbzQQvzNQpRRaVEnavs,True,"6,200 BTC","6,200 BTC",,,False,High Analysis Priority (Lattice/Bias),25,,,,,
,138EMxwMtKuvCEUtm4qUfT2x344TSReyiT,True,"5,908 BTC","5,908 BTC",,,False,High Analysis Priority (Lattice/Bias),26,,,,,
,1DR93bfKVCUJkDvPuxbUAEtzYRaJEnwjNt,True,"5,600 BTC","5,600 BTC",,,False,High Analysis Priority (Lattice/Bias),27,,,,,
,1CCqLR8YrUMPFgYZWwLW8FkezbFjfeXD8n,True,"5,595 BTC","5,595 BTC",,,False,High Analysis Priority (Lattice/Bias),28,,,,,
,1BeouDc6jtHpitvPz3gR3LQnBGb7dKRrtC,True,"5,075 BTC","5,075 BTC",,wallet: 7507428,False,High Analysis Priority (Lattice/Bias),29,,,,,
,1ARWCREnmdKyHgNg2c9qih8UzRr4MMQEQS,True,"5,000 BTC","5,000 BTC",,,False,High Analysis Priority (Lattice/Bias),30,,,,,
,1DaCQDfStUgkPQXcf53Teeo6LPiKcVMBM9,True,"5,000 BTC","5,000 BTC",,,False,High Analysis Priority (Lattice/Bias),31,,,,,
,19z6WynrjHeD5MMv6919BuQRwybuen1sRv,True,"5,000 BTC","5,000 BTC",,,False,High Analysis Priority (Lattice/Bias),32,,,,,
,1NQEV6T4avmPqUVTvgsKkeB6yc8qnSWfhR,True,"5,000 BTC","5,000 BTC",,,False,High Analysis Priority (Lattice/Bias),33,,,,,
,1NJQZhzYac89fDhQCmb1khdjekKNVYLFMY,True,"5,000 BTC","5,000 BTC",,,False,High Analysis Priority (Lattice/Bias),34,,,,,
,12ytiN9oWQTRGb6JjZiaoWMAvF9nPWdGX1,True,"5,000 BTC","5,000 BTC",,,False,High Analysis Priority (Lattice/Bias),35,,,,,
,1Btud1pqADgGzgBCZzxzc2b1o1ytk1HYWC,True,"4,900 BTC","4,900 BTC",,,False,High Analysis Priority (Lattice/Bias),36,,,,,
,1BXZng4dcXDnYNRXRgHqWjzT5RwxHHBSHo,True,"4,900 BTC","4,900 BTC",,,False,High Analysis Priority (Lattice/Bias),37,,,,,
,1BvNwfxEQwZNRmYQ3eno6e976XyxhCsRXj,True,"4,881 BTC","4,881 BTC",,,False,High Analysis Priority (Lattice/Bias),38,,,,,
,1Miy5sJZSamDZN6xcJJidp9zYxhSrpDeJm,True,"4,792 BTC","4,792 BTC",,,False,High Analysis Priority (Lattice/Bias),39,,,,,
,1Kq6hXXiSpdp9bg9hDDyqm8ZfvgZmzchjn,True,"4,699 BTC","4,699 BTC",,,False,High Analysis Priority (Lattice/Bias),40,,,,,
,16aEn4p6hK4FMpLtJGpoQZMZ946sDg1Z6n,True,"4,503 BTC","4,503 BTC",,,False,High Analysis Priority (Lattice/Bias),41,,,,,
,1MLiPwYjNACQHREFKwGtkPpWgd8PqpbuQ4,True,"4,487 BTC","4,487 BTC",,,False,High Analysis Priority (Lattice/Bias),42,,,,,
,18Hp8j2JMvwtPs1eqNaYEEVvuFpjQJRFVY,True,"4,333 BTC","4,333 BTC",,,False,High Analysis Priority (Lattice/Bias),43,,,,,
,16eb495TbiCRbRbZv4WBdaUvNGxUYJ4jed,True,"4,322 BTC","4,322 BTC",,,False,High Analysis Priority (Lattice/Bias),44,,,,,
,1JCrPqogEKEpM9fuFQV7LpF9e8cgf3YZ8m,True,"4,251 BTC","4,251 BTC",,,False,High Analysis Priority (Lattice/Bias),45,,,,,
,124YoiaSaUssbBeP5RukbSN9Evc3UJfwPj,True,"4,166 BTC","4,166 BTC",,,False,High Analysis Priority (Lattice/Bias),46,,,,,
,1GX7i8jG8DD1mG85BNnz7xybVhSmw84Uii,True,"4,109 BTC","4,109 BTC",,,False,High Analysis Priority (Lattice/Bias),47,,,,,
,1N5NqDWiLVqtU8mEzCNEeEbQVHwuGGChJs,True,"4,049 BTC","4,049 BTC",,,False,High Analysis Priority (Lattice/Bias),48,,,,,
,1VeMPNgEtQGurwjW2WsYXQaw4boAX5k6S,True,"4,000 BTC","4,000 BTC",,,False,High Analysis Priority (Lattice/Bias),49,,,,,
,1ALXLVNj7yKRU2Yki3K3yQGB5TBPof7jyo,True,"4,000 BTC","4,000 BTC",,,False,High Analysis Priority (Lattice/Bias),50,,,,,
,1LwBdypLh3WPawK1WUqGZXgs4V8neHHqb7,True,"4,000 BTC","4,000 BTC",,,False,High Analysis Priority (Lattice/Bias),51,,,,,
,1GMFSWQQQhCQyRNQcac9tDKcvqYCuripVs,True,"3,674 BTC","3,674 BTC",,,False,High Analysis Priority (Lattice/Bias),52,,,,,
,14mPMrRm6TdjqHZhd7aBUbuWt5MYWReukR,True,"3,600 BTC","3,600 BTC",,,False,High Analysis Priority (Lattice/Bias),53,,,,,
,1FvUkW8thcqG6HP7gAvAjcR52fR7CYodBx,True,"3,350 BTC","3,350 BTC",,wallet: 4222,False,High Analysis Priority (Lattice/Bias),54,,,,,
,1Gn1GzVa88T1X3fdhejyq6jrZs43T24xW6,True,"3,249 BTC","3,249 BTC",,,False,High Analysis Priority (Lattice/Bias),55,,,,,
,1PTYXwamXXgQoAhDbmUf98rY2Pg1pYXhin,True,"3,233 BTC","3,233 BTC",,,False,High Analysis Priority (Lattice/Bias),56,,,,,
,16oKJMcUZkDbq2tXDr9Fm2HwgBAkJPquyU,True,"3,215 BTC","3,215 BTC",,,False,High Analysis Priority (Lattice/Bias),57,,,,,
,193zge613zys7eSkQYQVd9xubovLN8Sr6j,True,"3,145 BTC","3,145 BTC",,,False,High Analysis Priority (Lattice/Bias),58,,,,,
,1L9ipUywwErf9EaKCgLqrkoSM5ab3wrjvh,True,"3,141 BTC","3,141 BTC",,,False,High Analysis Priority (Lattice/Bias),59,,,,,
,1EgH7EUfgjr8gAK9t1BeHLDC1ijrVvdec3,True,"3,082 BTC","3,082 BTC",,wallet: 1891446,False,High Analysis Priority (Lattice/Bias),60,,,,,
,18jGeboNHt1YpsDFcCeYPKm8qnAe9942BG,True,"3,069 BTC","3,069 BTC",,,False,High Analysis Priority (Lattice/Bias),61,,,,,
,19HhmfxGsznL8K7wXjZiFnhqddQucgfZzB,True,"3,000 BTC","3,000 BTC",,,False,High Analysis Priority (Lattice/Bias),62,,,,,
,15DtovKcGFiAJmyVfbjvCXHyjtyoZhyyj4,True,"3,000 BTC","3,000 BTC",,,False,High Analysis Priority (Lattice/Bias),63,,,,,
,1ArZGb5V24gAgN51FeQknobi6kNyGx739r,True,"3,000 BTC","3,000 BTC",,,False,High Analysis Priority (Lattice/Bias),64,,,,,
,1JjMoB212ctAiuDvURyWhs813yY4c75cap,True,"3,000 BTC","3,000 BTC",,,False,High Analysis Priority (Lattice/Bias),65,,,,,
,1FDVbVJYKkWPFcJEzCxi99vpKTYxEY3zdj,True,"3,000 BTC","3,000 BTC",,,False,High Analysis Priority (Lattice/Bias),66,,,,,
,1MBPNZb1Rakm8hYaP9VGqUU6gyJQUod61y,True,"3,000 BTC","3,000 BTC",,,False,High Analysis Priority (Lattice/Bias),67,,,,,
,1GUNPhjykrBdET5sauhahRoN6Xb9pACs5j,True,"3,000 BTC","3,000 BTC",,,False,High Analysis Priority (Lattice/Bias),68,,,,,
,1AGAvShyB22eUxz1DKfBBgGENDSZP8dcq9,True,"3,000 BTC","3,000 BTC",,,False,High Analysis Priority (Lattice/Bias),69,,,,,
,1KpwMa1w9DTUCB5asCgUdLRA22hto1Qgqv,True,"2,999 BTC","2,999 BTC",,,False,High Analysis Priority (Lattice/Bias),70,,,,,
,1LQaq7LLoyjdfH3vczuusa17WsRokhsRvG,True,"2,966 BTC","2,966 BTC",,,False,High Analysis Priority (Lattice/Bias),71,,,,,
,15HiQkbvQMoAzXyKdQbuCKTGDxTswYBUf5,True,"2,939 BTC","2,939 BTC",,,False,High Analysis Priority (Lattice/Bias),72,,,,,
,1AenFm1zSRkhtPHwZmP2UuRQbWpakD8cVZ,True,"2,918 BTC","2,918 BTC",,,False,High Analysis Priority (Lattice/Bias),73,,,,,
,13KYdPnzGh5H8exFY3FhUo9Rvvs6kKAcL8,True,"2,800 BTC","2,800 BTC",,,False,High Analysis Priority (Lattice/Bias),74,,,,,
,1EUJKGm3FB65rr5W9anAEoWA3m71WpDayZ,True,"2,745 BTC","2,745 BTC",,,False,High Analysis Priority (Lattice/Bias),75,,,,,
,38gTej4KSrED7Ds9wTHJegErQSmSbF1Qfx,True,"2,669 BTC","2,669 BTC",,,False,High Analysis Priority (Lattice/Bias),76,,,,,
,18cKGtwdQHmnDXD6w6AhBhHsmxnK8gsVHf,True,"2,645 BTC","2,645 BTC",,,False,High Analysis Priority (Lattice/Bias),77,,,,,
,19DdkMxutkLGY67REFPLu51imfxG9CUJLD,True,"2,616 BTC","2,616 BTC",,,False,High Analysis Priority (Lattice/Bias),78,,,,,
,1BrSzBwx2RLuppgGziqgF7oMuneHQVhsNc,True,"2,600 BTC","2,600 BTC",,,False,High Analysis Priority (Lattice/Bias),79,,,,,
,17j45BXWrjSDttuurcSQubYLdLescJ7eJH,True,"2,585 BTC","2,585 BTC",,,False,High Analysis Priority (Lattice/Bias),80,,,,,
,1AjbEPKeyW4MCUpwb37Y1HR9uDQso67mQx,True,"2,510 BTC","2,510 BTC",,,False,High Analysis Priority (Lattice/Bias),81,,,,,
,1P6brDbYKsQGqRduaTMa1v8hBqJYjig4Qc,True,"2,510 BTC","2,510 BTC",,,False,High Analysis Priority (Lattice/Bias),82,,,,,
,1NT1jtYLNwFXLztD4U4B9sLizdYatirhWW,True,"2,500 BTC","2,500 BTC",,,False,High Analysis Priority (Lattice/Bias),83,,,,,
,12owkvCcMPw5u1M692GbBFmpaMdX3kqXQM,True,"2,500 BTC","2,500 BTC",,,False,High Analysis Priority (Lattice/Bias),84,,,,,
,1Kj6epyY2MdzZUCHE572jeV9n7DDRReaZJ,True,"2,407 BTC","2,407 BTC",,,False,High Analysis Priority (Lattice/Bias),85,,,,,
,1Q6VMUacupsVvGgSW8puCdSb65jMVpSunQ,True,"2,369 BTC","2,369 BTC",,,False,High Analysis Priority (Lattice/Bias),86,,,,,
,1w7TJ4AJUpnRVAFdAKfngXVEyDHRbj6Nb,True,"2,363 BTC","2,363 BTC",,,False,High Analysis Priority (Lattice/Bias),87,,,,,
,152p1VPp2UYceP9BLtJRLoMgoErQRCryTt,True,"2,350 BTC","2,350 BTC",,,False,High Analysis Priority (Lattice/Bias),88,,,,,
,1Dp1yVTFmgb6oL5WoNVsLsZso4ATMzxD1M,True,"2,288 BTC","2,288 BTC",,,False,High Analysis Priority (Lattice/Bias),89,,,,,
,1GbkwjPrrxdXB8ddewK3KhhCXgj8uZ2Y5K,True,"2,255 BTC","2,255 BTC",,,False,High Analysis Priority (Lattice/Bias),90,,,,,
,1HjdiADVHew97yM8z4Vqs4iPwMyQHkkuhj,True,"2,200 BTC","2,200 BTC",,,False,High Analysis Priority (Lattice/Bias),91,,,,,
,1G2ozMay5PggBFMvXtFDFiXk63u2XAMsqM,True,"2,200 BTC","2,200 BTC",,,False,High Analysis Priority (Lattice/Bias),92,,,,,
,35ysWwjZRokHuHbDWVZnd1HA9hs6YQtHLS,True,"2,200 BTC","2,200 BTC",,,False,High Analysis Priority (Lattice/Bias),93,,,,,
,1LoSbcBntvcFtVAERaYTDhPB62EGkchMRQ,True,"2,200 BTC","2,200 BTC",,,False,High Analysis Priority (Lattice/Bias),94,,,,,
,1JaPNwMXt2AuVkWmkUHbsw78MbGorTfmm2,True,"2,195 BTC","2,195 BTC",,wallet: 4222,False,High Analysis Priority (Lattice/Bias),95,,,,,
,1CounterpartyXXXXXXXXXXXXXXXUWLpVr,True,"2,131 BTC","2,131 BTC",,,False,High Analysis Priority (Lattice/Bias),96,,,,,
,1VLZtmKa95BFrXHeyHEETAivJ22pTEhrT,True,"2,100 BTC","2,100 BTC",,,False,High Analysis Priority (Lattice/Bias),97,,,,,
,1NB3ZXxs3vfq1hRhuSAZ3zPdQNrXBQB6ZX,True,"2,100 BTC","2,100 BTC",,,False,High Analysis Priority (Lattice/Bias),98,,,,,
,13DyBwhpDw6152q1drbK2US5S3CdY1mRnU,True,"2,100 BTC","2,100 BTC",,,False,High Analysis Priority (Lattice/Bias),99,,,,,
,16Q5zhKCMbpEkR43K6tgzdkh1mTUfi7SMy,True,"2,100 BTC","2,100 BTC",,,False,High Analysis Priority (Lattice/Bias),100,,,,,
Unspent/Lost Keys?,1FvzCLoTPGANNjWoUo6jUGuAG3wg1w4YjR,False,,50 BTC,50 BTC,,False,Quantum Exposed (P2PK),,Dormant,50 BTC,0 BTC,1,Legacy (1...)
Unspent/Lost Keys?,15ubicBBWFnvoZLT7GiU2qxjRaKJPdkDMG,False,,50 BTC,50 BTC,,False,Quantum Exposed (P2PK),,Dormant,50 BTC,0 BTC,1,Legacy (1...)
Unspent/Lost Keys?,1JfbZRwdDHKZmuiZgYArJZhcuuzuw2HuMu,False,,50 BTC,50 BTC,,False,Quantum Exposed (P2PK),,Dormant,50 BTC,0 BTC,1,Legacy (1...)
Unspent/Lost Keys?,1GkQmKAmHtNfnD3LHhTkewJxKHVSta4m2a,False,,50 BTC,50 BTC,,False,Quantum Exposed (P2PK),,Dormant,50 BTC,0 BTC,1,Legacy (1...)
Unspent/Lost Keys?,16LoW7y83wtawMg5XmT4M3Q7EdjjUmenjM,False,,50 BTC,50 BTC,,False,Quantum Exposed (P2PK),,Dormant,50 BTC,0 BTC,1,Legacy (1...)
Unspent/Lost Keys?,1J6PYEzr4CUoGbnXrELyHszoTSz3wCsCaj,False,,50 BTC,50 BTC,,False,Quantum Exposed (P2PK),,Dormant,50 BTC,0 BTC,1,Legacy (1...)
Unspent/Lost Keys?,12cbQLTFMXRnSzktFkuoG3eHoMeFtpTu3S,False,,50 BTC,50 BTC,,False,Quantum Exposed (P2PK),,Dormant,50 BTC,0 BTC,1,Legacy (1...)
Unspent/Lost Keys?,15yN7NPEpu82sHhB6TzCW5z5aXoamiKeGy,False,,50 BTC,50 BTC,,False,Quantum Exposed (P2PK),,Dormant,50 BTC,0 BTC,1,Legacy (1...)
Unspent/Lost Keys?,1dyoBoF5vDmPCxwSsUZbbYhA5qjAfBTx9,False,,50 BTC,50 BTC,,False,Quantum Exposed (P2PK),,Dormant,50 BTC,0 BTC,1,Legacy (1...)
Unspent/Lost Keys?,17abzUBJr7cnqfnxnmznn8W38s9f9EoXiq,False,,50 BTC,50 BTC,,False,Quantum Exposed (P2PK),,Dormant,50 BTC,0 BTC,1,Legacy (1...)
Unspent/Lost Keys?,1DMGtVnRrgZaji7C9noZS3a1QtoaAN2uRG,False,,50 BTC,50 BTC,,False,Quantum Exposed (P2PK),,Dormant,50 BTC,0 BTC,1,Legacy (1...)
Unspent/Lost Keys?,1CYG7y3fukVLdobqgUtbknwWKUZ5p1HVmV,False,,50 BTC,50 BTC,,False,Quantum Exposed (P2PK),,Dormant,50 BTC,0 BTC,1,Legacy (1...)
Unspent/Lost Keys?,16kktFTqsruEfPPphW4YgjktRF28iT8Dby,False,,50 BTC,50 BTC,,False,Quantum Exposed (P2PK),,Dormant,50 BTC,0 BTC,1,Legacy (1...)
Unspent/Lost Keys?,1LPBetDzQ3cYwqQepg4teFwR7FnR1TkMCM,False,,50 BTC,50 BTC,,False,Quantum Exposed (P2PK),,Dormant,50 BTC,0 BTC,1,Legacy (1...)
Unspent/Lost Keys?,1DJkjSqW9cX9XWdU71WX3Aw6s6Mk4C3TtN,False,,50 BTC,50 BTC,,False,Quantum Exposed (P2PK),,Dormant,50 BTC,0 BTC,1,Legacy (1...)
Unspent/Lost Keys?,1P9VmZogiic8d5ZUVZofrdtzXgtpbG9fop,False,,50 BTC,50 BTC,,False,Quantum Exposed (P2PK),,Dormant,50 BTC,0 BTC,1,Legacy (1...)
Unspent/Lost Keys?,15ubjFzmWVvj3TqcpJ1bSsb8joJ6gF6dZa,False,,50 BTC,50 BTC,,False,Quantum Exposed (P2PK),,Dormant,50 BTC,0 BTC,1,Legacy (1...)
Unspent/Lost Keys?,1Fi7o3BKMcT82NVtnMRNqsj8aE5CWbAo4z,False,,50 BTC,50 BTC,,False,Quantum Exposed (P2PK),,Dormant,50 BTC,0 BTC,1,Legacy (1...)
Unspent/Lost Keys?,1DmKBaveG8iQA7nTGpRQ1bf8cJ7zqSMCjJ,False,,50 BTC,50 BTC,,False,Quantum Exposed (P2PK),,Dormant,50 BTC,0 BTC,1,Legacy (1...)
Unspent/Lost Keys?,1AqC4PhwYf7QAyGBhThcyQCKHJyyyLyAwc,False,,50 BTC,50 BTC,,False,Quantum Exposed (P2PK),,Dormant,50 BTC,0 BTC,1,Legacy (1...)
Unspent/Lost Keys?,1JXLFv719ec3bzTXaSq7vqRFS634LErtJu,False,,50 BTC,50 BTC,,False,Quantum Exposed (P2PK),,Dormant,50 BTC,0 BTC,1,Legacy (1...)
Unspent/Lost Keys?,15VF3MsCzjHmFQ3wK3SMrTEBTmFY8zhJnU,False,,50 BTC,50 BTC,,False,Quantum Exposed (P2PK),,Dormant,50 BTC,0 BTC,1,Legacy (1...)
Unspent/Lost Keys?,1KDnp5D9sEUNGFY2z4JiKhwfbm7zqYp4Bz,False,,50 BTC,50 BTC,,False,Quantum Exposed (P2PK),,Dormant,50 BTC,0 BTC,1,Legacy (1...)
Unspent/Lost Keys?,1G43MvhzCqRz1ctsQUmgU4LgLuSVdfU557,False,,50 BTC,50 BTC,,False,Quantum Exposed (P2PK),,Dormant,50 BTC,0 BTC,1,Legacy (1...)
Unspent/Lost Keys?,17x23dNjXJLzGMev6R63uyRhMWP1VHawKc,False,,50 BTC,50 BTC,,False,Quantum Exposed (P2PK),,Dormant,50 BTC,0 BTC,1,Legacy (1...)
Unspent/Lost Keys?,1PHB5i7JMEZCKvcjYSQXPbi5oSK8DoJucS,False,,50 BTC,50 BTC,,False,Quantum Exposed (P2PK),,Dormant,50 BTC,0 BTC,1,Legacy (1...)
Unspent/Lost Keys?,1Bw7RG9a19SjCNszmXQZhBwe1gEj4Vb2JZ,False,,50 BTC,50 BTC,,False,Quantum Exposed (P2PK),,Dormant,50 BTC,0 BTC,1,Legacy (1...)
Unspent/Lost Keys?,1MKRkcXG7cUb83EGNjK5TSHcKgVjVMTou5,False,,50 BTC,50 BTC,,False,Quantum Exposed (P2PK),,Dormant,50 BTC,0 BTC,1,Legacy (1...)
Unspent/Lost Keys?,1BTsxjF9rXtFvUZ2UFditbeUpohGgKCxUt,False,,50 BTC,50 BTC,,False,Quantum Exposed (P2PK),,Dormant,50 BTC,0 BTC,1,Legacy (1...)
Unspent/Lost Keys?,16bo8EmUnLJAmtDNavgcs1BQ5rU4YcR9UC,False,,50 BTC,50 BTC,,False,Quantum Exposed (P2PK),,Dormant,50 BTC,0 BTC,1,Legacy (1...)
Unspent/Lost Keys?,1NHHWnZKTetjZZfAbVjTS9EHQafdH6xn8a,False,,50 BTC,50 BTC,,False,Quantum Exposed (P2PK),,Dormant,50 BTC,0 BTC,1,Legacy (1...)
Unspent/Lost Keys?,1DpJP16GXSht3hJ5DZDumKcwAFqQQVkffN,False,,50 BTC,50 BTC,,False,Quantum Exposed (P2PK),,Dormant,50 BTC,0 BTC,1,Legacy (1...)
Unspent/Lost Keys?,1DpSDwF12wX5ogkS2HXabT7iWtCkAqJD9k,False,,50 BTC,50 BTC,,False,Quantum Exposed (P2PK),,Dormant,50 BTC,0 BTC,1,Legacy (1...)
Unspent/Lost Keys?,1KzvBTUbdwNBXiTkzr1msFUtPf7Vu2zLiu,False,,50 BTC,50 BTC,,False,Quantum Exposed (P2PK),,Dormant,50 BTC,0 BTC,1,Legacy (1...)
Unspent/Lost Keys?,1AQ2m6GH78oLgZYCdueUb4Zjxg1L6BkHZM,False,,50 BTC,50 BTC,,False,Quantum Exposed (P2PK),,Dormant,50 BTC,0 BTC,1,Legacy (1...)
Unspent/Lost Keys?,1DEwdHYmo8q6AhSHG7UgxEjttNMFdw9e7u,False,,50 BTC,50 BTC,,False,Quantum Exposed (P2PK),,Dormant,50 BTC,0 BTC,1,Legacy (1...)
Unspent/Lost Keys?,1DnzNm7QC479kSydvzmgb16X2c5GwRVzs1,False,,50 BTC,50 BTC,,False,Quantum Exposed (P2PK),,Dormant,50 BTC,0 BTC,1,Legacy (1...)
Unspent/Lost Keys?,1Bhq4Uz1Cg8vZLWy5uT3X3Ea3XDSNvkvCM,False,,50 BTC,50 BTC,,False,Quantum Exposed (P2PK),,Dormant,50 BTC,0 BTC,1,Legacy (1...)
Unspent/Lost Keys?,1HjE5zRg4eYm7jCHB9oSH5WbyZdH1GE2Ns,False,,50 BTC,50 BTC,,False,Quantum Exposed (P2PK),,Dormant,50 BTC,0 BTC,1,Legacy (1...)
Unspent/Lost Keys?,1D2zWLwXkdgFw5VtcYVtBhZuq5j4qwiRQP,False,,50 BTC,50 BTC,,False,Quantum Exposed (P2PK),,Dormant,50 BTC,0 BTC,1,Legacy (1...)
Unspent/Lost Keys?,1BEKzoSq5kTRNhL9ezh8KJ5vt2NzigQV2K,False,,50 BTC,50 BTC,,False,Quantum Exposed (P2PK),,Dormant,50 BTC,0 BTC,1,Legacy (1...)
Unspent/Lost Keys?,136g5f3pBidF6q8udL5GGb66CzG7AzBNwv,False,,50 BTC,50 BTC,,False,Quantum Exposed (P2PK),,Dormant,50 BTC,0 BTC,1,Legacy (1...)
Unspent/Lost Keys?,1FaUNstQc4FUena9XodmbfHgoMD9yKpT4d,False,,50 BTC,50 BTC,,False,Quantum Exposed (P2PK),,Dormant,50 BTC,0 BTC,1,Legacy (1...)
Unspent/Lost Keys?,18K6LJ9wFKSkYDA3dspswRPWiPgNZKvN7d,False,,50 BTC,50 BTC,,False,Quantum Exposed (P2PK),,Dormant,50 BTC,0 BTC,1,Legacy (1...)
Unspent/Lost Keys?,17iyRRXBHJKbv5DKPPkttWewm3CHdNPGQd,False,,50 BTC,50 BTC,,False,Quantum Exposed (P2PK),,Dormant,50 BTC,0 BTC,1,Legacy (1...)
Unspent/Lost Keys?,192kkZSRQHrS4dnBoPGgoYB6WeC1HXyYZe,False,,50 BTC,50 BTC,,False,Quantum Exposed (P2PK),,Dormant,50 BTC,0 BTC,1,Legacy (1...)
Unspent/Lost Keys?,17xQEk6df1Zyzvzs3oLPU9k5BZ85uGxC19,False,,50 BTC,50 BTC,,False,Quantum Exposed (P2PK),,Dormant,50 BTC,0 BTC,1,Legacy (1...)
Unspent/Lost Keys?,1h2Znru8Y624tuVnu1UgUujNACTzaFABz,False,,50 BTC,50 BTC,,False,Quantum Exposed (P2PK),,Dormant,50 BTC,0 BTC,1,Legacy (1...)
Unspent/Lost Keys?,1Kc4RPywLu8bK7JvTQJY1MWHo1S4jqQfzM,False,,50 BTC,50 BTC,,False,Quantum Exposed (P2PK),,Dormant,50 BTC,0 BTC,1,Legacy (1...)
Unspent/Lost Keys?,18p2otBZ33Ytgk3afUrHsmiPrFLNPiM4G5,False,,50 BTC,50 BTC,,False,Quantum Exposed (P2PK),,Dormant,50 BTC,0 BTC,1,Legacy (1...)
Unspent/Lost Keys?,1281ZBYNe7qJGMsGgHL2YgUEEFwCdXQwBq,False,,50 BTC,50 BTC,,False,Quantum Exposed (P2PK),,Dormant,50 BTC,0 BTC,1,Legacy (1...)
Unspent/Lost Keys?,19knNYsDH25AsBGhhoaxnmUKrn9WkVMSUi,False,,50 BTC,50 BTC,,False,Quantum Exposed (P2PK),,Dormant,50 BTC,0 BTC,1,Legacy (1...)
Unspent/Lost Keys?,14UyXKWBcVHYcqSpxYcmR9JLZu6pArwDrd,False,,50 BTC,50 BTC,,False,Quantum Exposed (P2PK),,Dormant,50 BTC,0 BTC,1,Legacy (1...)
Unspent/Lost Keys?,1FERXfs9RYGhhLe2yBsSqYfSqtmUEBUSTc,False,,50 BTC,50 BTC,,False,Quantum Exposed (P2PK),,Dormant,50 BTC,0 BTC,1,Legacy (1...)
Unspent/Lost Keys?,16kf2cAY8V7iZjX21Pm8znMJxqa2TYcqQ5,False,,50 BTC,50 BTC,,False,Quantum Exposed (P2PK),,Dormant,50 BTC,0 BTC,1,Legacy (1...)
Unspent/Lost Keys?,1AiE8NiskCXRovzHdVzAjydQ9V8Dv7Hiy8,False,,50 BTC,50 BTC,,False,Quantum Exposed (P2PK),,Dormant,50 BTC,0 BTC,1,Legacy (1...)
Unspent/Lost Keys?,12GBk2eiu3AEVvNYTwWYnUz49ecRjJ1CR6,False,,50 BTC,50 BTC,,False,Quantum Exposed (P2PK),,Dormant,50 BTC,0 BTC,1,Legacy (1...)
Unspent/Lost Keys?,16jZuw5nwn3ZgzWYrRvhi8NZW2b1NRk6S7,False,,50 BTC,50 BTC,,False,Quantum Exposed (P2PK),,Dormant,50 BTC,0 BTC,1,Legacy (1...)
Unspent/Lost Keys?,1UZhhzWo85osGzNrs1BVjoE3FP8ea2umX,False,,50 BTC,50 BTC,,False,Quantum Exposed (P2PK),,Dormant,50 BTC,0 BTC,1,Legacy (1...)
Unspent/Lost Keys?,1PeWcJrkpHMnUs3t5GvuwcHh1oBHYNoDwG,False,,50 BTC,50 BTC,,False,Quantum Exposed (P2PK),,Dormant,50 BTC,0 BTC,1,Legacy (1...)
Unspent/Lost Keys?,17uWtnxcJdpH7pEXXmr1SLrohVxe18B3fD,False,,50 BTC,50 BTC,,False,Quantum Exposed (P2PK),,Dormant,50 BTC,0 BTC,1,Legacy (1...)
Unspent/Lost Keys?,1GPrHBrbFjzGVTwA4P4y5QnaDhd3GCYU5x,False,,50 BTC,50 BTC,,False,Quantum Exposed (P2PK),,Dormant,50 BTC,0 BTC,1,Legacy (1...)
Unspent/Lost Keys?,1JgpRwCt8rm29g3y4FkVKWWck8qEeKgfZv,False,,50 BTC,50 BTC,,False,Quantum Exposed (P2PK),,Dormant,50 BTC,0 BTC,1,Legacy (1...)
Unspent/Lost Keys?,1NnYa2jL24hLgXBbk3TAXHANUQEzXNnSHg,False,,50 BTC,50 BTC,,False,Quantum Exposed (P2PK),,Dormant,50 BTC,0 BTC,1,Legacy (1...)
Unspent/Lost Keys?,19CAnt15TpQrJ9gjmdZZsLcwRj8E1mkqPP,False,,50 BTC,50 BTC,,False,Quantum Exposed (P2PK),,Dormant,50 BTC,0 BTC,1,Legacy (1...)
Unspent/Lost Keys?,1K2UaAY9jfz7wUxadbD3ivBLGqrcF4ai8M,False,,50 BTC,50 BTC,,False,Quantum Exposed (P2PK),,Dormant,50 BTC,0 BTC,1,Legacy (1...)
Unspent/Lost Keys?,1Ky8dP7oR1cBeg1MzkrgHAeHAHyn92DCar,False,,50 BTC,50 BTC,,False,Quantum Exposed (P2PK),,Dormant,50 BTC,0 BTC,1,Legacy (1...)
Unspent/Lost Keys?,1FnbdYntfohuZ1EhZ7f9oiT2R5sDsZBohL,False,,50 BTC,50 BTC,,False,Quantum Exposed (P2PK),,Dormant,50 BTC,0 BTC,1,Legacy (1...)
Unspent/Lost Keys?,14U5EYTN54agAngQu92D9gESvHYfKw8EqA,False,,50 BTC,50 BTC,,False,Quantum Exposed (P2PK),,Dormant,50 BTC,0 BTC,1,Legacy (1...)
Unspent/Lost Keys?,19X7soRFwUCRX8aUc3NrRZddHgpLmFmpzc,False,,50 BTC,50 BTC,,False,Quantum Exposed (P2PK),,Dormant,50 BTC,0 BTC,1,Legacy (1...)
Unspent/Lost Keys?,1H2nuVj2EnEVoYSw3opGjVxJdDqnehiYWN,False,,50 BTC,50 BTC,,False,Quantum Exposed (P2PK),,Dormant,50 BTC,0 BTC,1,Legacy (1...)
Unspent/Lost Keys?,12ti6ZDtjJTFnfSXJD1yZeojFdc1u4nJcS,False,,50 BTC,50 BTC,,False,Quantum Exposed (P2PK),,Dormant,50 BTC,0 BTC,1,Legacy (1...)
Unspent/Lost Keys?,1BwWdLV5wbnZvSYfNA8zaEMqEDDjvA99wX,False,,50 BTC,50 BTC,,False,Quantum Exposed (P2PK),,Dormant,50 BTC,0 BTC,1,Legacy (1...)
Unspent/Lost Keys?,1KmbQCNdfCDkEB6yWw5iLjBTGJ5MYptqAL,False,,50 BTC,50 BTC,,False,Quantum Exposed (P2PK),,Dormant,50 BTC,0 BTC,1,Legacy (1...)
Unspent/Lost Keys?,1NHVxANujgiDvPxNLQ1cc5B8AEisnx2Yz6,False,,50 BTC,50 BTC,,False,Quantum Exposed (P2PK),,Dormant,50 BTC,0 BTC,1,Legacy (1...)
Unspent/Lost Keys?,1DmJE9Z1Teye3JmxhoDUcmnMmubCg8dNtF,False,,50 BTC,50 BTC,,False,Quantum Exposed (P2PK),,Dormant,50 BTC,0 BTC,1,Legacy (1...)
Unspent/Lost Keys?,1HWP2q1RjpRbjm2K5ZPFnnfbnpNjN7XJWj,False,,50 BTC,50 BTC,,False,Quantum Exposed (P2PK),,Dormant,50 BTC,0 BTC,1,Legacy (1...)
Unspent/Lost Keys?,135uQWV3vn5JNgQrWcLd6gWr9S2ybj2BB7,False,,50 BTC,50 BTC,,False,Quantum Exposed (P2PK),,Dormant,50 BTC,0 BTC,1,Legacy (1...)
Unspent/Lost Keys?,15eCuQ4Kd25VDhtv9Pko6DL3tt1ACa3tR8,False,,50 BTC,50 BTC,,False,Quantum Exposed (P2PK),,Dormant,50 BTC,0 BTC,1,Legacy (1...)
Unspent/Lost Keys?,12jiJuWynwFcqbNyoay5Sy9pmJn9dsFRgh,False,,50 BTC,50 BTC,,False,Quantum Exposed (P2PK),,Dormant,50 BTC,0 BTC,1,Legacy (1...)
Unspent/Lost Keys?,133xmQyVGHnyQwr2pYNiHUMeDUS3mYVsB7,False,,50 BTC,50 BTC,,False,Quantum Exposed (P2PK),,Dormant,50 BTC,0 BTC,1,Legacy (1...)
Unspent/Lost Keys?,1KSHc1tmsUhS9f1TD6RHR8Kmwg9Zv8WhCt,False,,50 BTC,50 BTC,,False,Quantum Exposed (P2PK),,Dormant,50 BTC,0 BTC,1,Legacy (1...)
Unspent/Lost Keys?,1KMYVBvfMAUZH4gpRknxvKxbqATMAfuu4x,False,,50 BTC,50 BTC,,False,Quantum Exposed (P2PK),,Dormant,50 BTC,0 BTC,1,Legacy (1...)
Unspent/Lost Keys?,1BnhHuk62o9tPuG5JerexTX3MhnR8sobLm,False,,50 BTC,50 BTC,,False,Quantum Exposed (P2PK),,Dormant,50 BTC,0 BTC,1,Legacy (1...)
Unspent/Lost Keys?,1DRzyGtGkXYnFz9n9qxnTFbGpYBv4FNmYM,False,,50 BTC,50 BTC,,False,Quantum Exposed (P2PK),,Dormant,50 BTC,0 BTC,1,Legacy (1...)
Unspent/Lost Keys?,1LNV5xnjneJwXc6jN8X2co586gjiSz6asS,False,,50 BTC,50 BTC,,False,Quantum Exposed (P2PK),,Dormant,50 BTC,0 BTC,1,Legacy (1...)
Unspent/Lost Keys?,1PHG1AoZJ5yyg6MV2fkqYCuDDik2NTfzfm,False,,50 BTC,50 BTC,,False,Quantum Exposed (P2PK),,Dormant,50 BTC,0 BTC,1,Legacy (1...)
Unspent/Lost Keys?,18GyZ216oMhpCbZ7JkKZyT8x68v2a8HuNA,False,,50 BTC,50 BTC,,False,Quantum Exposed (P2PK),,Dormant,50 BTC,0 BTC,1,Legacy (1...)
Unspent/Lost Keys?,12XPHPCGYz1WgRhquiAfVeAyjZ7Gbdpih3,False,,50 BTC,50 BTC,,False,Quantum Exposed (P2PK),,Dormant,50 BTC,0 BTC,1,Legacy (1...)
Unspent/Lost Keys?,1Bq1TLyuvZLvu73eueduUMhBL2QfYDeoNt,False,,50 BTC,50 BTC,,False,Quantum Exposed (P2PK),,Dormant,50 BTC,0 BTC,1,Legacy (1...)
Unspent/Lost Keys?,1yNErqkG6GFaQTkRjrp38nqpVFn7QJnhV,False,,50 BTC,50 BTC,,False,Quantum Exposed (P2PK),,Dormant,50 BTC,0 BTC,1,Legacy (1...)
Unspent/Lost Keys?,16cAVR3SQbNzu8KZtGdo8cG1iueWpcngxz,False,,50 BTC,50 BTC,,False,Quantum Exposed (P2PK),,Dormant,50 BTC,0 BTC,1,Legacy (1...)
Unspent/Lost Keys?,13A1W4jLPP75pzvn2qJ5KyyqG3qPSpb9jM,False,,50 BTC,50 BTC,,False,Quantum Exposed (P2PK),,Dormant,50 BTC,0 BTC,1,Legacy (1...)
Unspent/Lost Keys?,13CiNuEMKASJBvGdupqaoRs2MqDNhAqmce,False,,50 BTC,50 BTC,,False,Quantum Exposed (P2PK),,Dormant,50 BTC,0 BTC,1,Legacy (1...)
Unspent/Lost Keys?,1HFtrEq1YGKxFKdq5nKyd7xm6NrAKcT7zf,False,,50 BTC,50 BTC,,False,Quantum Exposed (P2PK),,Dormant,50 BTC,0 BTC,1,Legacy (1...)
Unspent/Lost Keys?,1B4HeenWZfzcyHSpHeZGQZtSVUi18wmd2B,False,,50 BTC,50 BTC,,False,Quantum Exposed (P2PK),,Dormant,50 BTC,0 BTC,1,Legacy (1...)
Unspent/Lost Keys?,1MBvf6WPKwekXLRxsjjudqUXWJDYUy4qzB,False,,50 BTC,50 BTC,,False,Quantum Exposed (P2PK),,Dormant,50 BTC,0 BTC,1,Legacy (1...)
Unspent/Lost Keys?,1Bjrramo5EisLKeUXjw9GcUcfXcVnpi6vK,False,,50 BTC,50 BTC,,False,Quantum Exposed (P2PK),,Dormant,50 BTC,0 BTC,1,Legacy (1...)
Unspent/Lost Keys?,1T2TbagADcZFN433zk1HjYuTiXTPs62Yd,False,,50 BTC,50 BTC,,False,Quantum Exposed (P2PK),,Dormant,50 BTC,0 BTC,1,Legacy (1...)
Unspent/Lost Keys?,13t2rxB1FiZ8rSR3jVVNAmJN7hxFCq6pjp,False,,50 BTC,50 BTC,,False,Quantum Exposed (P2PK),,Dormant,50 BTC,0 BTC,1,Legacy (1...)
Unspent/Lost Keys?,1PN2MiaGhnR65x41pbUWbsfCB62hqG8KSG,False,,50 BTC,50 BTC,,False,Quantum Exposed (P2PK),,Dormant,50 BTC,0 BTC,1,Legacy (1...)
Unspent/Lost Keys?,1Cef65T8Cqi47KJvc4vYkxuZ9ymBxQfhQf,False,,50 BTC,50 BTC,,False,Quantum Exposed (P2PK),,Dormant,50 BTC,0 BTC,1,Legacy (1...)
Unspent/Lost Keys?,1CbjjM7LDBvmtdvyyZbbb8hp3B8gwUEaio,False,,50 BTC,50 BTC,,False,Quantum Exposed (P2PK),,Dormant,50 BTC,0 BTC,1,Legacy (1...)
Unspent/Lost Keys?,1HCeeU957J4NTXDer2fGvDsb7mVjU9TtLb,False,,50 BTC,50 BTC,,False,Quantum Exposed (P2PK),,Dormant,50 BTC,0 BTC,1,Legacy (1...)
Unspent/Lost Keys?,1JNWvsrDf8mdH82Y7xp8yACDfm6TpVwZeM,False,,50 BTC,50 BTC,,False,Quantum Exposed (P2PK),,Dormant,50 BTC,0 BTC,1,Legacy (1...)
Unspent/Lost Keys?,19K4cNVYVyNiwZ5xkzjW9ZtMb8XvBS2LkT,False,,50 BTC,50 BTC,,False,Quantum Exposed (P2PK),,Dormant,50 BTC,0 BTC,1,Legacy (1...)
Unspent/Lost Keys?,1NG4uecvtRyRx9eWxUaw6PVLPKMfDE7nz4,False,,50 BTC,50 BTC,,False,Quantum Exposed (P2PK),,Dormant,50 BTC,0 BTC,1,Legacy (1...)
Unspent/Lost Keys?,14w8FgPQhPRuP4wnVpER9p9Cb7kYQWkzwY,False,,50 BTC,50 BTC,,False,Quantum Exposed (P2PK),,Dormant,50 BTC,0 BTC,1,Legacy (1...)
Unspent/Lost Keys?,1MF2sw6Zan5p4ViuGdxRoNr48M5rFvHkqn,False,,50 BTC,50 BTC,,False,Quantum Exposed (P2PK),,Dormant,50 BTC,0 BTC,1,Legacy (1...)
Unspent/Lost Keys?,18NmcVxBKf5tZXuV5KijPTgbdguGohnBCV,False,,50 BTC,50 BTC,,False,Quantum Exposed (P2PK),,Dormant,50 BTC,0 BTC,1,Legacy (1...)
Unspent/Lost Keys?,1N24Lobvo9BN4iGrm4SRhCUwpwd273dSfq,False,,50 BTC,50 BTC,,False,Quantum Exposed (P2PK),,Dormant,50 BTC,0 BTC,1,Legacy (1...)
Unspent/Lost Keys?,1AUR9CVmm5wH8xc2EufyDpuA8HEZcSamhY,False,,50 BTC,50 BTC,,False,Quantum Exposed (P2PK),,Dormant,50 BTC,0 BTC,1,Legacy (1...)
Unspent/Lost Keys?,1FeGetWU2tR2QSrxnpRwHGXGcxzhN6zQza,False,,50 BTC,50 BTC,,False,Quantum Exposed (P2PK),,Dormant,50 BTC,0 BTC,1,Legacy (1...)
Unspent/Lost Keys?,1B7CyZF8e6TYzhNBSHy8yYuTRJNpMtNChg,False,,50 BTC,50 BTC,,False,Quantum Exposed (P2PK),,Dormant,50 BTC,0 BTC,1,Legacy (1...)
Unspent/Lost Keys?,1nQ5KafzA4DWGa327n8JnZ29q4PKg5Y7m,False,,50 BTC,50 BTC,,False,Quantum Exposed (P2PK),,Dormant,50 BTC,0 BTC,1,Legacy (1...)
Unspent/Lost Keys?,1CT9huFgxMFveRvzZ7zPPJNoaMm2Fo64VH,False,,50 BTC,50 BTC,,False,Quantum Exposed (P2PK),,Dormant,50 BTC,0 BTC,1,Legacy (1...)
Unspent/Lost Keys?,1M7U7kbW9CY7znW6sSRzycgPCxr5LkJy2r,False,,50 BTC,50 BTC,,False,Quantum Exposed (P2PK),,Dormant,50 BTC,0 BTC,1,Legacy (1...)
Unspent/Lost Keys?,1JRiK5gbEjTEAdFU2kYoQJRCMZgVCQgbpQ,False,,50 BTC,50 BTC,,False,Quantum Exposed (P2PK),,Dormant,50 BTC,0 BTC,1,Legacy (1...)
Unspent/Lost Keys?,1PwcmHdjVFfQgXpd6V4BGzRY7yLBvGb4eK,False,,50 BTC,50 BTC,,False,Quantum Exposed (P2PK),,Dormant,50 BTC,0 BTC,1,Legacy (1...)
Unspent/Lost Keys?,135S6YvALYCydS6R82hWi967f3xUnWVQ3S,False,,50 BTC,50 BTC,,False,Quantum Exposed (P2PK),,Dormant,50 BTC,0 BTC,1,Legacy (1...)
Unspent/Lost Keys?,1BF5nbuKF3UTYCQTpxuH62UA8WJWAqQKo5,False,,50 BTC,50 BTC,,False,Quantum Exposed (P2PK),,Dormant,50 BTC,0 BTC,1,Legacy (1...)
Unspent/Lost Keys?,1PZnnfPq3EpcGZZyiX8WCbEhm9amzpjTYr,False,,50 BTC,50 BTC,,False,Quantum Exposed (P2PK),,Dormant,50 BTC,0 BTC,1,Legacy (1...)
Unspent/Lost Keys?,1GPhCZpM72YrpkZVqQECpT6eKprKFEwkSH,False,,50 BTC,50 BTC,,False,Quantum Exposed (P2PK),,Dormant,50 BTC,0 BTC,1,Legacy (1...)
Unspent/Lost Keys?,1PpU2yx6CSruakyYjckH8eUJWAH1XUQ7ZM,False,,50 BTC,50 BTC,,False,Quantum Exposed (P2PK),,Dormant,50 BTC,0 BTC,1,Legacy (1...)
Unspent/Lost Keys?,13pS5WuihmpE7WMQAZkFdvfvVo1NDp7R7V,False,,50 BTC,50 BTC,,False,Quantum Exposed (P2PK),,Dormant,50 BTC,0 BTC,1,Legacy (1...)
Unspent/Lost Keys?,1EDV8iD4cDZbKxZu6UGAPW5i2ytQmR5xoQ,False,,50 BTC,50 BTC,,False,Quantum Exposed (P2PK),,Dormant,50 BTC,0 BTC,1,Legacy (1...)
Unspent/Lost Keys?,1MMFzwh3r5fxNwpTZvm6iZReX7RUwZxnaY,False,,50 BTC,50 BTC,,False,Quantum Exposed (P2PK),,Dormant,50 BTC,0 BTC,1,Legacy (1...)
Unspent/Lost Keys?,1FdgjwkXbQc1gpHjpHyZNY85vdyQyFfBbg,False,,50 BTC,50 BTC,,False,Quantum Exposed (P2PK),,Dormant,50 BTC,0 BTC,1,Legacy (1...)
Unspent/Lost Keys?,1HRRURSfxj8NntfzcPT4ajz7uBefLuwLmB,False,,50 BTC,50 BTC,,False,Quantum Exposed (P2PK),,Dormant,50 BTC,0 BTC,1,Legacy (1...)
Unspent/Lost Keys?,1G6RMmurphMJg6wyobQSzC2az9zZ3VipXE,False,,50 BTC,50 BTC,,False,Quantum Exposed (P2PK),,Dormant,50 BTC,0 BTC,1,Legacy (1...)
Unspent/Lost Keys?,1ArDoL42A6ZZdudpogut2NUGcwxhRj42S8,False,,50 BTC,50 BTC,,False,Quantum Exposed (P2PK),,Dormant,50 BTC,0 BTC,1,Legacy (1...)
Unspent/Lost Keys?,12dRaqF6c7n8rvbhCWsQysKmNKPgDJfepK,False,,50 BTC,50 BTC,,False,Quantum Exposed (P2PK),,Dormant,50 BTC,0 BTC,1,Legacy (1...)
Unspent/Lost Keys?,17B3kpD6d9SSaoKATBgGqDn25dFnSvjcVE,False,,50 BTC,50 BTC,,False,Quantum Exposed (P2PK),,Dormant,50 BTC,0 BTC,1,Legacy (1...)
Unspent/Lost Keys?,1DQCdPGY1MUFwPdJ2bNziT4RfDFusBddyS,False,,50 BTC,50 BTC,,False,Quantum Exposed (P2PK),,Dormant,50 BTC,0 BTC,1,Legacy (1...)
Unspent/Lost Keys?,1Jd2omwPAZq3egSS8HsxFMxhWmKdonG9Lz,False,,50 BTC,50 BTC,,False,Quantum Exposed (P2PK),,Dormant,50 BTC,0 BTC,1,Legacy (1...)
Unspent/Lost Keys?,1CwoMxSXitseAKdNgfaHtzaUB7mUhcrmMp,False,,50 BTC,50 BTC,,False,Quantum Exposed (P2PK),,Dormant,50 BTC,0 BTC,1,Legacy (1...)
Unspent/Lost Keys?,18xph1cecYkJwD81bHSKZ3SrUsPqinU2bA,False,,50 BTC,50 BTC,,False,Quantum Exposed (P2PK),,Dormant,50 BTC,0 BTC,1,Legacy (1...)
Unspent/Lost Keys?,1Pqrx3NMF9VmMW6ikLZST3veBkUmY6be15,False,,50 BTC,50 BTC,,False,Quantum Exposed (P2PK),,Dormant,50 BTC,0 BTC,1,Legacy (1...)
Unspent/Lost Keys?,15EMUiFD7XoHpzCA4sErNmqCT4krsQzgKx,False,,50 BTC,50 BTC,,False,Quantum Exposed (P2PK),,Dormant,50 BTC,0 BTC,1,Legacy (1...)
Unspent/Lost Keys?,18xzfpkj8cNz8NdmU7eumVjpeDfQSJ1CHR,False,,50 BTC,50 BTC,,False,Quantum Exposed (P2PK),,Dormant,50 BTC,0 BTC,1,Legacy (1...)
Unspent/Lost Keys?,1N8SwzBqNQccJQBMsVe5ukvSVhf6vxHVSm,False,,50 BTC,50 BTC,,False,Quantum Exposed (P2PK),,Dormant,50 BTC,0 BTC,1,Legacy (1...)
Unspent/Lost Keys?,1DLfzP5v2KegZK88rsNj8z1YKSb4VzBfsu,False,,50 BTC,50 BTC,,False,Quantum Exposed (P2PK),,Dormant,50 BTC,0 BTC,1,Legacy (1...)
Unspent/Lost Keys?,17KG5gGwKu1DNNaMdrngw3UdZUh4ZhacNT,False,,50 BTC,50 BTC,,False,Quantum Exposed (P2PK),,Dormant,50 BTC,0 BTC,1,Legacy (1...)
Unspent/Lost Keys?,1B1urSvRRSFjupa5THHsF8FNxTarDVexYg,False,,50 BTC,50 BTC,,False,Quantum Exposed (P2PK),,Dormant,50 BTC,0 BTC,1,Legacy (1...)
Unspent/Lost Keys?,1QHTV856dWWwzSQN738tvEneYgsagQdYpM,False,,50 BTC,50 BTC,,False,Quantum Exposed (P2PK),,Dormant,50 BTC,0 BTC,1,Legacy (1...)
Unspent/Lost Keys?,1AQgsAVd49Tk9kxgsdDRFMwLjyD997p6dJ,False,,50 BTC,50 BTC,,False,Quantum Exposed (P2PK),,Dormant,50 BTC,0 BTC,1,Legacy (1...)
Unspent/Lost Keys?,1J9Wdx5F57jgNYSw7vaP3oCMWHnjaD3MEq,False,,50 BTC,50 BTC,,False,Quantum Exposed (P2PK),,Dormant,50 BTC,0 BTC,1,Legacy (1...)
Unspent/Lost Keys?,1CtABfwubzxuoHacNEZ6FJCBumtTbz71AA,False,,50 BTC,50 BTC,,False,Quantum Exposed (P2PK),,Dormant,50 BTC,0 BTC,1,Legacy (1...)
Unspent/Lost Keys?,1H5canZg3AwU44Fe65HG2siti9mFJnkc8,False,,50 BTC,50 BTC,,False,Quantum Exposed (P2PK),,Dormant,50 BTC,0 BTC,1,Legacy (1...)
Unspent/Lost Keys?,1KuX1qeF7qimFiurBDxQUktAgNE3qNA8zx,False,,50 BTC,50 BTC,,False,Quantum Exposed (P2PK),,Dormant,50 BTC,0 BTC,1,Legacy (1...)
Unspent/Lost Keys?,1ax2fn3tdpH1R3A2yNFtp8Fn7Z7rt9DnY,False,,50 BTC,50 BTC,,False,Quantum Exposed (P2PK),,Dormant,50 BTC,0 BTC,1,Legacy (1...)
Unspent/Lost Keys?,1ELLM7xHcUC1Z2BnDpGQ2Eg2ZXZeGSDkbU,False,,50 BTC,50 BTC,,False,Quantum Exposed (P2PK),,Dormant,50 BTC,0 BTC,1,Legacy (1...)
Unspent/Lost Keys?,1HgeuTkMfQ3xh6hPo9ZZKvHom8AAXdfA4X,False,,50 BTC,50 BTC,,False,Quantum Exposed (P2PK),,Dormant,50 BTC,0 BTC,1,Legacy (1...)
Unspent/Lost Keys?,1BQRxmgPsyWWv6GD64kUDxtNq3K2RGc9KL,False,,50 BTC,50 BTC,,False,Quantum Exposed (P2PK),,Dormant,50 BTC,0 BTC,1,Legacy (1...)
Unspent/Lost Keys?,1Fr33GRhy7zN8eXkWDf31icUBRUmoicnJz,False,,50 BTC,50 BTC,,False,Quantum Exposed (P2PK),,Dormant,50 BTC,0 BTC,1,Legacy (1...)
Unspent/Lost Keys?,1JhxuRHf7FiJYb8Ymc9czohwm9cJn2WaQW,False,,50 BTC,50 BTC,,False,Quantum Exposed (P2PK),,Dormant,50 BTC,0 BTC,1,Legacy (1...)
Unspent/Lost Keys?,1LNKBdzwXmisa67qtYCofsZWwgZW2wewmn,False,,50 BTC,50 BTC,,False,Quantum Exposed (P2PK),,Dormant,50 BTC,0 BTC,1,Legacy (1...)
Unspent/Lost Keys?,1PA4XBfKLjACMQUUupBEDzwhSsLRKriAkr,False,,50 BTC,50 BTC,,False,Quantum Exposed (P2PK),,Dormant,50 BTC,0 BTC,1,Legacy (1...)
Unspent/Lost Keys?,1HPgEWbEzFC6FWbcEJtasvZBaW5YTdmfMC,False,,50 BTC,50 BTC,,False,Quantum Exposed (P2PK),,Dormant,50 BTC,0 BTC,1,Legacy (1...)
Unspent/Lost Keys?,1Pudc88gyFynBVZccRJeYyEV7ZnjfXnfKn,False,,50 BTC,50 BTC,,False,Quantum Exposed (P2PK),,Dormant,50 BTC,0 BTC,1,Legacy (1...)
Unspent/Lost Keys?,1JSW4QekxPokWWU4hcRwrheZbZKSkFz9oc,False,,50 BTC,50 BTC,,False,Quantum Exposed (P2PK),,Dormant,50 BTC,0 BTC,1,Legacy (1...)
Unspent/Lost Keys?,1Fr947YZyEWZd2JPcvDJbsYN6Po5gXRyau,False,,50 BTC,50 BTC,,False,Quantum Exposed (P2PK),,Dormant,50 BTC,0 BTC,1,Legacy (1...)
Unspent/Lost Keys?,1642o19pahkkdwHuPSx6uxk9HMmC243Bu7,False,,50 BTC,50 BTC,,False,Quantum Exposed (P2PK),,Dormant,50 BTC,0 BTC,1,Legacy (1...)
Unspent/Lost Keys?,1PNF7mJ2VrgZCMSfUjiWxDteNBHEm15kMg,False,,50 BTC,50 BTC,,False,Quantum Exposed (P2PK),,Dormant,50 BTC,0 BTC,1,Legacy (1...)
Unspent/Lost Keys?,1H4Urq49poTRfszssMDT12dMnoDxSBEs7e,False,,50 BTC,50 BTC,,False,Quantum Exposed (P2PK),,Dormant,50 BTC,0 BTC,1,Legacy (1...)
Unspent/Lost Keys?,1FDMwEo8qNa9icVcooBUoGvA6NriePtJJ3,False,,50 BTC,50 BTC,,False,Quantum Exposed (P2PK),,Dormant,50 BTC,0 BTC,1,Legacy (1...)
Unspent/Lost Keys?,1QEDtTS36hrcJuv6SvhqoUvVrfMLdkaN7C,False,,50 BTC,50 BTC,,False,Quantum Exposed (P2PK),,Dormant,50 BTC,0 BTC,1,Legacy (1...)
Unspent/Lost Keys?,1AL11Yfw2ZP9C4wGiWf99jwZyTjWWY4JVn,False,,50 BTC,50 BTC,,False,Quantum Exposed (P2PK),,Dormant,50 BTC,0 BTC,1,Legacy (1...)
Unspent/Lost Keys?,1LKriCmDaBz4SfCoDjcjR1b9CmQTHibCcr,False,,50 BTC,50 BTC,,False,Quantum Exposed (P2PK),,Dormant,50 BTC,0 BTC,1,Legacy (1...)
Unspent/Lost Keys?,1HwmP33SaknLYShXfjVU8KmVThU3JiuVgH,False,,50 BTC,50 BTC,,False,Quantum Exposed (P2PK),,Dormant,50 BTC,0 BTC,1,Legacy (1...)
Unspent/Lost Keys?,1PAL9ZNuwAcufS8xSnGMCpQqECFF9g9QN1,False,,50 BTC,50 BTC,,False,Quantum Exposed (P2PK),,Dormant,50 BTC,0 BTC,1,Legacy (1...)
Unspent/Lost Keys?,1P8BjGr7JG8zfDTZBE4Kat2KthsDJ9xg5e,False,,50 BTC,50 BTC,,False,Quantum Exposed (P2PK),,Dormant,50 BTC,0 BTC,1,Legacy (1...)
Unspent/Lost Keys?,14fKXAX9CFFGVE2txHtTbLX5owb6x9dYh3,False,,50 BTC,50 BTC,,False,Quantum Exposed (P2PK),,Dormant,50 BTC,0 BTC,1,Legacy (1...)
Unspent/Lost Keys?,1AxA6X2FSY5NSZzWS25RXA7j6uhTGEZ9eD,False,,50 BTC,50 BTC,,False,Quantum Exposed (P2PK),,Dormant,50 BTC,0 BTC,1,Legacy (1...)
Unspent/Lost Keys?,13QWmek3hEUhhcXL6PkyaQvW8cYuZwGFpM,False,,50 BTC,50 BTC,,False,Quantum Exposed (P2PK),,Dormant,50 BTC,0 BTC,1,Legacy (1...)
Unspent/Lost Keys?,1F7RYd4KM2AesmFx83JYgLKibYrfxcWYaV,False,,50 BTC,50 BTC,,False,Quantum Exposed (P2PK),,Dormant,50 BTC,0 BTC,1,Legacy (1...)
Unspent/Lost Keys?,1GpHVwFv8Qnxov68HxZwdfvMDtEaYucGcR,False,,50 BTC,50 BTC,,False,Quantum Exposed (P2PK),,Dormant,50 BTC,0 BTC,1,Legacy (1...)
Unspent/Lost Keys?,12vhcB2bfspTua6XLpLcZPP4zpkudmw2re,False,,50 BTC,50 BTC,,False,Quantum Exposed (P2PK),,Dormant,50 BTC,0 BTC,1,Legacy (1...)
Unspent/Lost Keys?,1EvRbs7Fc6R6V8LsnoD3Ntng9vWfmreeRT,False,,50 BTC,50 BTC,,False,Quantum Exposed (P2PK),,Dormant,50 BTC,0 BTC,1,Legacy (1...)
Unspent/Lost Keys?,16DvfwUBRqaZGaMWnzSnX8TPUantMKXhjV,False,,50 BTC,50 BTC,,False,Quantum Exposed (P2PK),,Dormant,50 BTC,0 BTC,1,Legacy (1...)
Unspent/Lost Keys?,1Po1b27dVXkmyQdKXk5AvHUzdgEk5MvMvC,False,,50 BTC,50 BTC,,False,Quantum Exposed (P2PK),,Dormant,50 BTC,0 BTC,1,Legacy (1...)
Unspent/Lost Keys?,1GB9LgiyE6Upg2qbVGy2phKfgVZB681WhC,False,,50 BTC,50 BTC,,False,Quantum Exposed (P2PK),,Dormant,50 BTC,0 BTC,1,Legacy (1...)
Unspent/Lost Keys?,1NZA1LZDbyeE9qdHWeJnN5DN7ZDJShsssU,False,,50 BTC,50 BTC,,False,Quantum Exposed (P2PK),,Dormant,50 BTC,0 BTC,1,Legacy (1...)
Unspent/Lost Keys?,1CRtj3XYXjtmHNw44QLZ63AGEM6SFa6wob,False,,50 BTC,50 BTC,,False,Quantum Exposed (P2PK),,Dormant,50 BTC,0 BTC,1,Legacy (1...)
Unspent/Lost Keys?,1FyiELmwtmD2mrN6hRzw6P76zLg3WJoCwB,False,,50 BTC,50 BTC,,False,Quantum Exposed (P2PK),,Dormant,50 BTC,0 BTC,1,Legacy (1...)
Unspent/Lost Keys?,1HL3xqCGJwCcME5wgjz1NJLj5o79zp3W7y,False,,50 BTC,50 BTC,,False,Quantum Exposed (P2PK),,Dormant,50 BTC,0 BTC,1,Legacy (1...)
Unspent/Lost Keys?,1MUuVeuS6DDS5QKR2BNZ9fipXCEsFujaMH,False,,50 BTC,50 BTC,,False,Quantum Exposed (P2PK),,Dormant,50 BTC,0 BTC,1,Legacy (1...)
Unspent/Lost Keys?,1BW3idasrBsovBWDzauf1yTh6QWK9UUEj5,False,,50 BTC,50 BTC,,False,Quantum Exposed (P2PK),,Dormant,50 BTC,0 BTC,1,Legacy (1...)
Unspent/Lost Keys?,12wm668ySFxjAPGnZHPBR4uWqUmNdXg2kP,False,,50 BTC,50 BTC,,False,Quantum Exposed (P2PK),,Dormant,50 BTC,0 BTC,1,Legacy (1...)
Unspent/Lost Keys?,1G5Gp7b1u5cTN5xjypETNpmCTpbDdoXJMA,False,,50 BTC,50 BTC,,False,Quantum Exposed (P2PK),,Dormant,50 BTC,0 BTC,1,Legacy (1...)
Unspent/Lost Keys?,1AUyVCU1zU8YcfH8FHeJHREzSsE7ZHqgVN,False,,50 BTC,50 BTC,,False,Quantum Exposed (P2PK),,Dormant,50 BTC,0 BTC,1,Legacy (1...)
Unspent/Lost Keys?,13zrE76hjXh1wwtUFE6WsCbrG7NPWgRBVW,False,,50 BTC,50 BTC,,False,Quantum Exposed (P2PK),,Dormant,50 BTC,0 BTC,1,Legacy (1...)
Unspent/Lost Keys?,1MBTMZxy2g1shi2Sx37AwGpo6o5if7iq5F,False,,50 BTC,50 BTC,,False,Quantum Exposed (P2PK),,Dormant,50 BTC,0 BTC,1,Legacy (1...)
Unspent/Lost Keys?,1MVXEbi7xErjRaszVDwycUbeR8dYBVNKnE,False,,50 BTC,50 BTC,,False,Quantum Exposed (P2PK),,Dormant,50 BTC,0 BTC,1,Legacy (1...)
Unspent/Lost Keys?,1DcgZPFErBcASaPqsqyB42dUFjCJEro4A2,False,,50 BTC,50 BTC,,False,Quantum Exposed (P2PK),,Dormant,50 BTC,0 BTC,1,Legacy (1...)
Unspent/Lost Keys?,1HRGtCwm8vxA3GUobDLDGo7Wya6FXhwuDe,False,,50 BTC,50 BTC,,False,Quantum Exposed (P2PK),,Dormant,50 BTC,0 BTC,1,Legacy (1...)
Unspent/Lost Keys?,184wTUutRt5geVhpCzhnp8vmKJWjUQGeah,False,,50 BTC,50 BTC,,False,Quantum Exposed (P2PK),,Dormant,50 BTC,0 BTC,1,Legacy (1...)
Unspent/Lost Keys?,19PVrVqTjMaAUXxNZKytffiebVM9U1S9Dy,False,,50 BTC,50 BTC,,False,Quantum Exposed (P2PK),,Dormant,50 BTC,0 BTC,1,Legacy (1...)
Unspent/Lost Keys?,15WV17J7pbDKdZ6eeGBg5yZ9jb26TaW8GB,False,,50 BTC,50 BTC,,False,Quantum Exposed (P2PK),,Dormant,50 BTC,0 BTC,1,Legacy (1...)
Unspent/Lost Keys?,1DecGxfc8DuoLjV75WdNE7BfjVRGE5ACqi,False,,50 BTC,50 BTC,,False,Quantum Exposed (P2PK),,Dormant,50 BTC,0 BTC,1,Legacy (1...)
Unspent/Lost Keys?,12bAezJkUhUxUDVZUypN9HP7obfWm58hSw,False,,50 BTC,50 BTC,,False,Quantum Exposed (P2PK),,Dormant,50 BTC,0 BTC,1,Legacy (1...)
Unspent/Lost Keys?,15z1nJqsrAUchqwQ4hsWnyPru2nUjuuDhR,False,,50 BTC,50 BTC,,False,Quantum Exposed (P2PK),,Dormant,50 BTC,0 BTC,1,Legacy (1...)
Unspent/Lost Keys?,1ALp4qPqGju9gmupfdRwAEyREN38Uqipyv,False,,50 BTC,50 BTC,,False,Quantum Exposed (P2PK),,Dormant,50 BTC,0 BTC,1,Legacy (1...)
Unspent/Lost Keys?,1Dk9PekCU6BkLy5pRHfWvSw791BiVdKBXj,False,,50 BTC,50 BTC,,False,Quantum Exposed (P2PK),,Dormant,50 BTC,0 BTC,1,Legacy (1...)
Unspent/Lost Keys?,13kjsBfe8D7bwmT938DxCLHzjvae6uvHPg,False,,50 BTC,50 BTC,,False,Quantum Exposed (P2PK),,Dormant,50 BTC,0 BTC,1,Legacy (1...)
Unspent/Lost Keys?,1SLkiCeQwBe56cvKMXmo8dYAe8SmjfrwX,False,,50 BTC,50 BTC,,False,Quantum Exposed (P2PK),,Dormant,50 BTC,0 BTC,1,Legacy (1...)
Unspent/Lost Keys?,1JKb22MuD4BhZMru2jpdpy8iRATyEDpy33,False,,50 BTC,50 BTC,,False,Quantum Exposed (P2PK),,Dormant,50 BTC,0 BTC,1,Legacy (1...)
Unspent/Lost Keys?,1CbGkbGuvdoZGnywSfq6iV5MBQuaFQZfKb,False,,50 BTC,50 BTC,,False,Quantum Exposed (P2PK),,Dormant,50 BTC,0 BTC,1,Legacy (1...)
Unspent/Lost Keys?,1PQhPpysTvkYRpjpHL48KuQTRW7yS2k9Hx,False,,50 BTC,50 BTC,,False,Quantum Exposed (P2PK),,Dormant,50 BTC,0 BTC,1,Legacy (1...)
Unspent/Lost Keys?,1J9HkGKPDd7ek9DA1V4NDEma1F1h7vHi8u,False,,50 BTC,50 BTC,,False,Quantum Exposed (P2PK),,Dormant,50 BTC,0 BTC,1,Legacy (1...)
Unspent/Lost Keys?,14pBXdFvEaPy6t4gbnrrQWu86ZYPTivEx3,False,,50 BTC,50 BTC,,False,Quantum Exposed (P2PK),,Dormant,50 BTC,0 BTC,1,Legacy (1...)
Unspent/Lost Keys?,16NEqTQenDpSAn18utw6sYD631Cq9znZf7,False,,50 BTC,50 BTC,,False,Quantum Exposed (P2PK),,Dormant,50 BTC,0 BTC,1,Legacy (1...)
Unspent/Lost Keys?,1PLgv319qXvnmiCAL3pH1dydVQSwrr2F5W,False,,50 BTC,50 BTC,,False,Quantum Exposed (P2PK),,Dormant,50 BTC,0 BTC,1,Legacy (1...)
Unspent/Lost Keys?,13iDhZNq6ejzR4GcRZo8F9A9oYR4GgXV3q,False,,50 BTC,50 BTC,,False,Quantum Exposed (P2PK),,Dormant,50 BTC,0 BTC,1,Legacy (1...)
Unspent/Lost Keys?,1CQrDCsUkuvB5SUa9G2eAc8xqYZeK68x7j,False,,50 BTC,50 BTC,,False,Quantum Exposed (P2PK),,Dormant,50 BTC,0 BTC,1,Legacy (1...)
Unspent/Lost Keys?,1MTKWKTfG1Gxc1sH955eob7kp5cQ3CcexB,False,,50 BTC,50 BTC,,False,Quantum Exposed (P2PK),,Dormant,50 BTC,0 BTC,1,Legacy (1...)
Unspent/Lost Keys?,1Hr9AYxjsDUTuq8d1c6tCbVpYWBCvHUupm,False,,50 BTC,50 BTC,,False,Quantum Exposed (P2PK),,Dormant,50 BTC,0 BTC,1,Legacy (1...)
Unspent/Lost Keys?,17uiEVD2d9U33YzfYJ2vZ9BrUhmMYVnK8M,False,,50 BTC,50 BTC,,False,Quantum Exposed (P2PK),,Dormant,50 BTC,0 BTC,1,Legacy (1...)
Unspent/Lost Keys?,1N8Q8bSJPLkoZUkdREsQA1dGsHTPrQ9X3j,False,,50 BTC,50 BTC,,False,Quantum Exposed (P2PK),,Dormant,50 BTC,0 BTC,1,Legacy (1...)
Unspent/Lost Keys?,1BwV17G9AyRuPocPeonRTx7VdCAXga43rn,False,,50 BTC,50 BTC,,False,Quantum Exposed (P2PK),,Dormant,50 BTC,0 BTC,1,Legacy (1...)
Unspent/Lost Keys?,1PWPk2buWhozxYUE3vnb7MnobjCMkEmagU,False,,50 BTC,50 BTC,,False,Quantum Exposed (P2PK),,Dormant,50 BTC,0 BTC,1,Legacy (1...)
Unspent/Lost Keys?,1KyUEsMMKw6MNW8RZKehJpyKNyS8ZmXerX,False,,50 BTC,50 BTC,,False,Quantum Exposed (P2PK),,Dormant,50 BTC,0 BTC,1,Legacy (1...)
Unspent/Lost Keys?,1Mdioqy6kR75YvHhf7eqhTsRxoYfQfhbgn,False,,50 BTC,50 BTC,,False,Quantum Exposed (P2PK),,Dormant,50 BTC,0 BTC,1,Legacy (1...)
Unspent/Lost Keys?,13F1h7nLa4bgwgvjnRnBYh5cn1kpT4Mo2p,False,,50 BTC,50 BTC,,False,Quantum Exposed (P2PK),,Dormant,50 BTC,0 BTC,1,Legacy (1...)
Unspent/Lost Keys?,14kbZs9yn2k5r6R5Tkf6gDKp3b3MDu1eGk,False,,50 BTC,50 BTC,,False,Quantum Exposed (P2PK),,Dormant,50 BTC,0 BTC,1,Legacy (1...)
Unspent/Lost Keys?,1FUgiNk7jjSeNaA3KCoYmdXdhcd7CWrjGh,False,,50 BTC,50 BTC,,False,Quantum Exposed (P2PK),,Dormant,50 BTC,0 BTC,1,Legacy (1...)
Unspent/Lost Keys?,1NeBSpCzbNML5EZDBAgwT1BQQtMRe1c2Ui,False,,50 BTC,50 BTC,,False,Quantum Exposed (P2PK),,Dormant,50 BTC,0 BTC,1,Legacy (1...)
Unspent/Lost Keys?,1CFBdvaiZgZPTZERqnezAtDQJuGHKoHSzg,False,,50 BTC,50 BTC,,False,Quantum Exposed (P2PK),,Dormant,50 BTC,0 BTC,1,Legacy (1...)
Unspent/Lost Keys?,1CKdw5GAp7vrh4Je2xRftmsJR2zWqpiGmG,False,,50 BTC,50 BTC,,False,Quantum Exposed (P2PK),,Dormant,50 BTC,0 BTC,1,Legacy (1...)
Unspent/Lost Keys?,1G582FH1b5NFScavscH8UgMki683NpTTa6,False,,50 BTC,50 BTC,,False,Quantum Exposed (P2PK),,Dormant,50 BTC,0 BTC,1,Legacy (1...)
Unspent/Lost Keys?,1AKQFY7YcDFj4xpGpYQ2GnpyGu1YGyUHcF,False,,50 BTC,50 BTC,,False,Quantum Exposed (P2PK),,Dormant,50 BTC,0 BTC,1,Legacy (1...)
Unspent/Lost Keys?,1LjsyzV318tptLPUNfs6w2jUi6niFXLJuE,False,,50 BTC,50 BTC,,False,Quantum Exposed (P2PK),,Dormant,50 BTC,0 BTC,1,Legacy (1...)
Unspent/Lost Keys?,14QFGVvDKJZEBMagGyDctfvboG2bgboBAU,False,,50 BTC,50 BTC,,False,Quantum Exposed (P2PK),,Dormant,50 BTC,0 BTC,1,Legacy (1...)
Unspent/Lost Keys?,13Pqi765raqA9mFW4q2KormB5B5huYbHbs,False,,50 BTC,50 BTC,,False,Quantum Exposed (P2PK),,Dormant,50 BTC,0 BTC,1,Legacy (1...)
Unspent/Lost Keys?,15QFLqNG398Qwhv8DjkERVpY5fXnaJbLu6,False,,50 BTC,50 BTC,,False,Quantum Exposed (P2PK),,Dormant,50 BTC,0 BTC,1,Legacy (1...)
Unspent/Lost Keys?,16SneNM9p582qaeuLgdvaJy1pK16awe6se,False,,50 BTC,50 BTC,,False,Quantum Exposed (P2PK),,Dormant,50 BTC,0 BTC,1,Legacy (1...)
Unspent/Lost Keys?,1MeYKCPYiMbA9CD1moK2RE7Pb47mgK2grD,False,,50 BTC,50 BTC,,False,Quantum Exposed (P2PK),,Dormant,50 BTC,0 BTC,1,Legacy (1...)
Unspent/Lost Keys?,17c7Q8CbP3o2iLXfgBB3tqnbf2qET1vDe4,False,,50 BTC,50 BTC,,False,Quantum Exposed (P2PK),,Dormant,50 BTC,0 BTC,1,Legacy (1...)
Unspent/Lost Keys?,1EgsjUzDP1C2G3JTMLcC9qX6N6JNDoKDPt,False,,50 BTC,50 BTC,,False,Quantum Exposed (P2PK),,Dormant,50 BTC,0 BTC,1,Legacy (1...)
Unspent/Lost Keys?,1P8pSG7v3dQ8DSj42tUeUP9RQX7u52jCSh,False,,50 BTC,50 BTC,,False,Quantum Exposed (P2PK),,Dormant,50 BTC,0 BTC,1,Legacy (1...)
Unspent/Lost Keys?,1DsXxztYCB7EC1rqExZAMNrCYpQhpntx9z,False,,50 BTC,50 BTC,,False,Quantum Exposed (P2PK),,Dormant,50 BTC,0 BTC,1,Legacy (1...)
Unspent/Lost Keys?,13fpwAyzcbNJ2UDFWnoeQ2D2tVgvLMCjmd,False,,50 BTC,50 BTC,,False,Quantum Exposed (P2PK),,Dormant,50 BTC,0 BTC,1,Legacy (1...)
Unspent/Lost Keys?,1Go27SzmXaedChNgyUYgPREn8Q7Cp7qqzq,False,,50 BTC,50 BTC,,False,Quantum Exposed (P2PK),,Dormant,50 BTC,0 BTC,1,Legacy (1...)
Unspent/Lost Keys?,1LQZn83Uo13UXXvvTWvwE93wgdE4uKSdAU,False,,50 BTC,50 BTC,,False,Quantum Exposed (P2PK),,Dormant,50 BTC,0 BTC,1,Legacy (1...)
Unspent/Lost Keys?,1Jhk2DHosaaZx1E4CbnTGcKM7FC88YHYv9,False,,50 BTC,50 BTC,,False,Quantum Exposed (P2PK),,Dormant,50 BTC,0 BTC,1,Legacy (1...)
Unspent/Lost Keys?,1Mar5RmTWn6Hh7L2NvaCUQ28t56wvm1h2w,False,,50 BTC,50 BTC,,False,Quantum Exposed (P2PK),,Dormant,50 BTC,0 BTC,1,Legacy (1...)
Unspent/Lost Keys?,1BUk7k22W5o8TgU9UMPbueGAUZFYXrKFfe,False,,50 BTC,50 BTC,,False,Quantum Exposed (P2PK),,Dormant,50 BTC,0 BTC,1,Legacy (1...)
Unspent/Lost Keys?,1CSx3HZR5LDSTJCirk3xZuubJ5wF5c3YdA,False,,50 BTC,50 BTC,,False,Quantum Exposed (P2PK),,Dormant,50 BTC,0 BTC,1,Legacy (1...)
Unspent/Lost Keys?,15hzwjHLsh6KrZA8TUfQaAZ5o2yTPAuKfW,False,,50 BTC,50 BTC,,False,Quantum Exposed (P2PK),,Dormant,50 BTC,0 BTC,1,Legacy (1...)
Unspent/Lost Keys?,1EAogPN6gFH9wnVdRz47MwG3W5zC2Qwmgm,False,,50 BTC,50 BTC,,False,Quantum Exposed (P2PK),,Dormant,50 BTC,0 BTC,1,Legacy (1...)
Unspent/Lost Keys?,1LvoT1k6zyAgnaywhQ3D86gHLoFyok2VuP,False,,50 BTC,50 BTC,,False,Quantum Exposed (P2PK),,Dormant,50 BTC,0 BTC,1,Legacy (1...)
Unspent/Lost Keys?,17toKvqM63FwvpveEBrNt8qNGd3WYA9rwK,False,,50 BTC,50 BTC,,False,Quantum Exposed (P2PK),,Dormant,50 BTC,0 BTC,1,Legacy (1...)
Unspent/Lost Keys?,12AXzKtoBd98ZnVUoDs7yH82wqZWennFiU,False,,50 BTC,50 BTC,,False,Quantum Exposed (P2PK),,Dormant,50 BTC,0 BTC,1,Legacy (1...)
Unspent/Lost Keys?,1P288r1CHfCRcHh4hqKzrYP2dohbGHmCLk,False,,50 BTC,50 BTC,,False,Quantum Exposed (P2PK),,Dormant,50 BTC,0 BTC,1,Legacy (1...)
Unspent/Lost Keys?,1AXJrJMX3B5B9vd1hRv9w52ns8fAtMNSwM,False,,50 BTC,50 BTC,,False,Quantum Exposed (P2PK),,Dormant,50 BTC,0 BTC,1,Legacy (1...)
Unspent/Lost Keys?,1H3i2DL3rDKWsbTSqXHDU3YkeDT5TGP3cy,False,,50 BTC,50 BTC,,False,Quantum Exposed (P2PK),,Dormant,50 BTC,0 BTC,1,Legacy (1...)
Unspent/Lost Keys?,1HtKKEB428rBJxQ6pGMusuGH6SxVjruydf,False,,50 BTC,50 BTC,,False,Quantum Exposed (P2PK),,Dormant,50 BTC,0 BTC,1,Legacy (1...)
Unspent/Lost Keys?,1Pi8agZKamjLJxfeGRUpGWGQimb8N21Hig,False,,50 BTC,50 BTC,,False,Quantum Exposed (P2PK),,Dormant,50 BTC,0 BTC,1,Legacy (1...)
Unspent/Lost Keys?,1NFvr69GyzW3GLGdsNKZ8vW5yRa5Ndy8D,False,,50 BTC,50 BTC,,False,Quantum Exposed (P2PK),,Dormant,50 BTC,0 BTC,1,Legacy (1...)
Unspent/Lost Keys?,1ELTDVM85P22TdMkK6asC5Sxzywafi1JKL,False,,50 BTC,50 BTC,,False,Quantum Exposed (P2PK),,Dormant,50 BTC,0 BTC,1,Legacy (1...)
Unspent/Lost Keys?,1CKpZiWmAKZywrXx2ocrP58NMUnupUhKbG,False,,50 BTC,50 BTC,,False,Quantum Exposed (P2PK),,Dormant,50 BTC,0 BTC,1,Legacy (1...)
Unspent/Lost Keys?,13ZhaKAv6Rb73ycrL868x3LA5xfnmE7Xyj,False,,50 BTC,50 BTC,,False,Quantum Exposed (P2PK),,Dormant,50 BTC,0 BTC,1,Legacy (1...)
Unspent/Lost Keys?,1HMvTfyWMdJ6rP2LjQ92tPL6Qmt53fBScr,False,,50 BTC,50 BTC,,False,Quantum Exposed (P2PK),,Dormant,50 BTC,0 BTC,1,Legacy (1...)
Unspent/Lost Keys?,1C2XQeritz4rkdff9kiUtL9MPUrH3KXkd2,False,,50 BTC,50 BTC,,False,Quantum Exposed (P2PK),,Dormant,50 BTC,0 BTC,1,Legacy (1...)
Unspent/Lost Keys?,1F69kZBVERfCmMzj8MvXm8U8p27isphqtY,False,,50 BTC,50 BTC,,False,Quantum Exposed (P2PK),,Dormant,50 BTC,0 BTC,1,Legacy (1...)
Unspent/Lost Keys?,1KsYkCquJGy8nofXCRSmKWyLzeSqUogDXy,False,,50 BTC,50 BTC,,False,Quantum Exposed (P2PK),,Dormant,50 BTC,0 BTC,1,Legacy (1...)
Unspent/Lost Keys?,1JJbYrEQmkFnhqYPKxDDQSRgiXmfGAHGSf,False,,50 BTC,50 BTC,,False,Quantum Exposed (P2PK),,Dormant,50 BTC,0 BTC,1,Legacy (1...)
Unspent/Lost Keys?,1KeKbw9x6urEdT8MTAqbepwVg1Z6esxM5e,False,,50 BTC,50 BTC,,False,Quantum Exposed (P2PK),,Dormant,50 BTC,0 BTC,1,Legacy (1...)
Unspent/Lost Keys?,17oK57YwK6C2kAF8WE4azAJandBFSe1noK,False,,50 BTC,50 BTC,,False,Quantum Exposed (P2PK),,Dormant,50 BTC,0 BTC,1,Legacy (1...)
Unspent/Lost Keys?,19SokuYu8wkKVvxjE7fQySJBxA7DvW2cvn,False,,50 BTC,50 BTC,,False,Quantum Exposed (P2PK),,Dormant,50 BTC,0 BTC,1,Legacy (1...)
Unspent/Lost Keys?,13Vt63i4G1uMhfnkK62abVNtKwYDpNf3qz,False,,50 BTC,50 BTC,,False,Quantum Exposed (P2PK),,Dormant,50 BTC,0 BTC,1,Legacy (1...)
Unspent/Lost Keys?,1Kx5jZqcrc5xoYxz1CnWMNQSKK7GfSBNC5,False,,50 BTC,50 BTC,,False,Quantum Exposed (P2PK),,Dormant,50 BTC,0 BTC,1,Legacy (1...)
Unspent/Lost Keys?,1DobHRwghQkKgLg9ZDSRP5veTyKhJ4xq7h,False,,50 BTC,50 BTC,,False,Quantum Exposed (P2PK),,Dormant,50 BTC,0 BTC,1,Legacy (1...)
Unspent/Lost Keys?,1KvPSnCYQQeKDiyxZ1uD5MuFBWk1u1G4zv,False,,50 BTC,50 BTC,,False,Quantum Exposed (P2PK),,Dormant,50 BTC,0 BTC,1,Legacy (1...)
Unspent/Lost Keys?,14CSP7wTwnse4FXfbqY7XNu89w3Ns7GwiX,False,,50 BTC,50 BTC,,False,Quantum Exposed (P2PK),,Dormant,50 BTC,0 BTC,1,Legacy (1...)
Unspent/Lost Keys?,1GyeTSnLLJGjMEwTtbKAyKszt9K4iUuYjH,False,,50 BTC,50 BTC,,False,Quantum Exposed (P2PK),,Dormant,50 BTC,0 BTC,1,Legacy (1...)
Unspent/Lost Keys?,1QCL4pVUEPMQQ792MEnLPdX7ZDUmyySc3a,False,,50 BTC,50 BTC,,False,Quantum Exposed (P2PK),,Dormant,50 BTC,0 BTC,1,Legacy (1...)
Unspent/Lost Keys?,13FnhkPLznaoRYPB34LFtU33dDnZxe1eze,False,,50 BTC,50 BTC,,False,Quantum Exposed (P2PK),,Dormant,50 BTC,0 BTC,1,Legacy (1...)
Unspent/Lost Keys?,1GxmPv6ojoDmxucsYKL3Hra4Nu7CqxQNmW,False,,50 BTC,50 BTC,,False,Quantum Exposed (P2PK),,Dormant,50 BTC,0 BTC,1,Legacy (1...)
Unspent/Lost Keys?,1KudEnDg6gcb2Qxiz9PWFzxqdgrcDVWA4Y,False,,50 BTC,50 BTC,,False,Quantum Exposed (P2PK),,Dormant,50 BTC,0 BTC,1,Legacy (1...)
Unspent/Lost Keys?,1ATiXZcTkgnBzDBZ1T1cX3b1fNvAQ7Qmin,False,,50 BTC,50 BTC,,False,Quantum Exposed (P2PK),,Dormant,50 BTC,0 BTC,1,Legacy (1...)
Unspent/Lost Keys?,1ELjm88xyqdU5cd5o5JpJuuWbdQfakRaKD,False,,50 BTC,50 BTC,,False,Quantum Exposed (P2PK),,Dormant,50 BTC,0 BTC,1,Legacy (1...)
Unspent/Lost Keys?,1CSJo2CFEyN7Pzcnzd7JRLv5WUAfZZ1AWB,False,,50 BTC,50 BTC,,False,Quantum Exposed (P2PK),,Dormant,50 BTC,0 BTC,1,Legacy (1...)
Unspent/Lost Keys?,1CRVKdW1nJrZSGUfZU6iSXhK1MQqsnjpz3,False,,50 BTC,50 BTC,,False,Quantum Exposed (P2PK),,Dormant,50 BTC,0 BTC,1,Legacy (1...)
Unspent/Lost Keys?,19TmydgkVKcuBPrNauXc9XSusG3brEMXxh,False,,50 BTC,50 BTC,,False,Quantum Exposed (P2PK),,Dormant,50 BTC,0 BTC,1,Legacy (1...)
Unspent/Lost Keys?,16WDW7nE6pfAyZkrCdkgFmeMAKrESaB1un,False,,50 BTC,50 BTC,,False,Quantum Exposed (P2PK),,Dormant,50 BTC,0 BTC,1,Legacy (1...)
Unspent/Lost Keys?,127xfzeX9eAVVUWsjGgNDgQdVMBFtcJXEg,False,,50 BTC,50 BTC,,False,Quantum Exposed (P2PK),,Dormant,50 BTC,0 BTC,1,Legacy (1...)
Unspent/Lost Keys?,1FmLy39wYNs2XwcLxRAVhQFm15smygrL2V,False,,50 BTC,50 BTC,,False,Quantum Exposed (P2PK),,Dormant,50 BTC,0 BTC,1,Legacy (1...)
Unspent/Lost Keys?,19qDF4DVaRv86siDoBzXYaWcAbrvPFYZz7,False,,50 BTC,50 BTC,,False,Quantum Exposed (P2PK),,Dormant,50 BTC,0 BTC,1,Legacy (1...)
Unspent/Lost Keys?,1PLPuVjBWd9DWRaVDzFURMSkZmzqCjGedL,False,,50 BTC,50 BTC,,False,Quantum Exposed (P2PK),,Dormant,50 BTC,0 BTC,1,Legacy (1...)
Unspent/Lost Keys?,1NLNkBF9rNTKd4efsS71rKKwnmdDqWMA17,False,,50 BTC,50 BTC,,False,Quantum Exposed (P2PK),,Dormant,50 BTC,0 BTC,1,Legacy (1...)
Unspent/Lost Keys?,1PonKTKjsFUkUm7RwxejxPtzcX9M3YzQY4,False,,50 BTC,50 BTC,,False,Quantum Exposed (P2PK),,Dormant,50 BTC,0 BTC,1,Legacy (1...)
Unspent/Lost Keys?,19hEejxnZPpzLNGc2BbAmpbkxpjwqhbejy,False,,50 BTC,50 BTC,,False,Quantum Exposed (P2PK),,Dormant,50 BTC,0 BTC,1,Legacy (1...)
Unspent/Lost Keys?,1LH4HM3m9K53kpZ8w3sPeEYmMd6z1z6DhG,False,,50 BTC,50 BTC,,False,Quantum Exposed (P2PK),,Dormant,50 BTC,0 BTC,1,Legacy (1...)
Unspent/Lost Keys?,1LJGRuqGmMp3vjhJQpuRgFTnd7h7v5yDLp,False,,50 BTC,50 BTC,,False,Quantum Exposed (P2PK),,Dormant,50 BTC,0 BTC,1,Legacy (1...)
Unspent/Lost Keys?,1CYqkzUCSCxa2r2wmxmu2xY32y1LxaUEhu,False,,50 BTC,50 BTC,,False,Quantum Exposed (P2PK),,Dormant,50 BTC,0 BTC,1,Legacy (1...)
Unspent/Lost Keys?,1FzsCEkmp3WRzEHhGSsuhhpkSDuhdbq9hz,False,,50 BTC,50 BTC,,False,Quantum Exposed (P2PK),,Dormant,50 BTC,0 BTC,1,Legacy (1...)
Unspent/Lost Keys?,1NG1yMNjJLPnjsXAa7rpQZhCbmM8UUN5mo,False,,50 BTC,50 BTC,,False,Quantum Exposed (P2PK),,Dormant,50 BTC,0 BTC,1,Legacy (1...)
Unspent/Lost Keys?,1JxgVi59npkWPPU57Kr9MAb5uwhWj6Gp6w,False,,50 BTC,50 BTC,,False,Quantum Exposed (P2PK),,Dormant,50 BTC,0 BTC,1,Legacy (1...)
Unspent/Lost Keys?,16oMqP6mFLAAWbpxGf6Bo5F9SHUpgutwxa,False,,50 BTC,50 BTC,,False,Quantum Exposed (P2PK),,Dormant,50 BTC,0 BTC,1,Legacy (1...)
Unspent/Lost Keys?,18ic1RDi1AjZkrqxgDxnsibEFWSvmVRoZ7,False,,50 BTC,50 BTC,,False,Quantum Exposed (P2PK),,Dormant,50 BTC,0 BTC,1,Legacy (1...)
Unspent/Lost Keys?,13SxLs9mUbCyXrJ273nJLShaFq5dmDNiJM,False,,50 BTC,50 BTC,,False,Quantum Exposed (P2PK),,Dormant,50 BTC,0 BTC,1,Legacy (1...)
Unspent/Lost Keys?,1H79k9G7Fcy9NYn62cswr5h1VJPaygs6Gw,False,,50 BTC,50 BTC,,False,Quantum Exposed (P2PK),,Dormant,50 BTC,0 BTC,1,Legacy (1...)
Unspent/Lost Keys?,1PdFaLjq38qFWsFqkvUfG7JwBfnsuxLsL6,False,,50 BTC,50 BTC,,False,Quantum Exposed (P2PK),,Dormant,50 BTC,0 BTC,1,Legacy (1...)
Unspent/Lost Keys?,19P6K24sBGWhT6F6xXE7ppGjJnTjdkiMQS,False,,50 BTC,50 BTC,,False,Quantum Exposed (P2PK),,Dormant,50 BTC,0 BTC,1,Legacy (1...)
Unspent/Lost Keys?,1BjQyJZBf1B4DuQNkrLb9Leu985GPpzZRT,False,,50 BTC,50 BTC,,False,Quantum Exposed (P2PK),,Dormant,50 BTC,0 BTC,1,Legacy (1...)
Unspent/Lost Keys?,1HkNu2cAvgrpg6evAg7KDTo5n7magkMMXh,False,,50 BTC,50 BTC,,False,Quantum Exposed (P2PK),,Dormant,50 BTC,0 BTC,1,Legacy (1...)
Unspent/Lost Keys?,1DKw14Gr3w8rPQV2mHLaami1pzpHy8M1vy,False,,50 BTC,50 BTC,,False,Quantum Exposed (P2PK),,Dormant,50 BTC,0 BTC,1,Legacy (1...)
Unspent/Lost Keys?,1FjA2SSx4xu4q33GgsRnuezZEQVsMH3kg9,False,,50 BTC,50 BTC,,False,Quantum Exposed (P2PK),,Dormant,50 BTC,0 BTC,1,Legacy (1...)
Unspent/Lost Keys?,1Nyeey2zgSV1bSTFca6zon7z1raoMuHqeZ,False,,50 BTC,50 BTC,,False,Quantum Exposed (P2PK),,Dormant,50 BTC,0 BTC,1,Legacy (1...)
Unspent/Lost Keys?,1FFEtukmcb23HaeAFHXc5tWEQxJrJcFVoK,False,,50 BTC,50 BTC,,False,Quantum Exposed (P2PK),,Dormant,50 BTC,0 BTC,1,Legacy (1...)
Unspent/Lost Keys?,1MWsRH8mA36a4LqzvbqEJi4et2HVcDkKyK,False,,50 BTC,50 BTC,,False,Quantum Exposed (P2PK),,Dormant,50 BTC,0 BTC,1,Legacy (1...)
Unspent/Lost Keys?,1Kn9FZNVtKs1SGGqa3jnq6zdnopXHhTmpQ,False,,50 BTC,50 BTC,,False,Quantum Exposed (P2PK),,Dormant,50 BTC,0 BTC,1,Legacy (1...)
Unspent/Lost Keys?,1KtbSCLMna1guMWPjMyQwXNsGdi94rJJAk,False,,50 BTC,50 BTC,,False,Quantum Exposed (P2PK),,Dormant,50 BTC,0 BTC,1,Legacy (1...)
Unspent/Lost Keys?,1BHP5ctS55e6FR4SqidpdeYEzEfmKCfEz9,False,,50 BTC,50 BTC,,False,Quantum Exposed (P2PK),,Dormant,50 BTC,0 BTC,1,Legacy (1...)
Unspent/Lost Keys?,12CnxFWVZq59tbsgoSn6TJWArWLoiJDRNk,False,,50 BTC,50 BTC,,False,Quantum Exposed (P2PK),,Dormant,50 BTC,0 BTC,1,Legacy (1...)
Unspent/Lost Keys?,1B74mH4g8X7xwoxVwpLgCSvbd229KVSEqH,False,,50 BTC,50 BTC,,False,Quantum Exposed (P2PK),,Dormant,50 BTC,0 BTC,1,Legacy (1...)
Unspent/Lost Keys?,17uH84gEsksgt8dCLsBNozWcau2Xr91LuS,False,,50 BTC,50 BTC,,False,Quantum Exposed (P2PK),,Dormant,50 BTC,0 BTC,1,Legacy (1...)
Unspent/Lost Keys?,1HArN1vwJ1dy8Xv8LqhZJcp63Fwd9f4V2N,False,,50 BTC,50 BTC,,False,Quantum Exposed (P2PK),,Dormant,50 BTC,0 BTC,1,Legacy (1...)
Unspent/Lost Keys?,16u9zezdrdYGj4pEp3GQPG2rmoG3yF2jLx,False,,50 BTC,50 BTC,,False,Quantum Exposed (P2PK),,Dormant,50 BTC,0 BTC,1,Legacy (1...)
Unspent/Lost Keys?,1PELCFMj1gLPYPerRUG8Jo4tdqgaVuzHfp,False,,50 BTC,50 BTC,,False,Quantum Exposed (P2PK),,Dormant,50 BTC,0 BTC,1,Legacy (1...)
Unspent/Lost Keys?,1AGBe9x18wpRiRTY7mUY4VwJWeVAR8WNB7,False,,50 BTC,50 BTC,,False,Quantum Exposed (P2PK),,Dormant,50 BTC,0 BTC,1,Legacy (1...)
Unspent/Lost Keys?,1Jfe1uxiuxq6zxeaSnSZGA9CjAh8zrDZCU,False,,50 BTC,50 BTC,,False,Quantum Exposed (P2PK),,Dormant,50 BTC,0 BTC,1,Legacy (1...)
Unspent/Lost Keys?,1FbxJu9Honm2jkE4iFrjxQMqLXutXF9cpV,False,,50 BTC,50 BTC,,False,Quantum Exposed (P2PK),,Dormant,50 BTC,0 BTC,1,Legacy (1...)
Unspent/Lost Keys?,1GT4RxAFPJFWVixeirmjARStHwfhwwfjc7,False,,50 BTC,50 BTC,,False,Quantum Exposed (P2PK),,Dormant,50 BTC,0 BTC,1,Legacy (1...)
Unspent/Lost Keys?,1Lyr6LaJTG6n9r5imdH4gELxkzJsbQxhAu,False,,50 BTC,50 BTC,,False,Quantum Exposed (P2PK),,Dormant,50 BTC,0 BTC,1,Legacy (1...)
Unspent/Lost Keys?,13wdUr5phHen1PP1dK8NP9jGQqpk8PZm6A,False,,50 BTC,50 BTC,,False,Quantum Exposed (P2PK),,Dormant,50 BTC,0 BTC,1,Legacy (1...)
Unspent/Lost Keys?,17md2fmB4FenCdGZAQdHkVQLAuaKQ2hnVp,False,,50 BTC,50 BTC,,False,Quantum Exposed (P2PK),,Dormant,50 BTC,0 BTC,1,Legacy (1...)
Unspent/Lost Keys?,12giTBKtUMH52G6VUX3RwAcAszDgu3brXF,False,,50 BTC,50 BTC,,False,Quantum Exposed (P2PK),,Dormant,50 BTC,0 BTC,1,Legacy (1...)
Unspent/Lost Keys?,1CFWnwazRxwEVjzMsvseJPbg19VUZYRQto,False,,50 BTC,50 BTC,,False,Quantum Exposed (P2PK),,Dormant,50 BTC,0 BTC,1,Legacy (1...)
Unspent/Lost Keys?,1FowJFNmVX1mp8P81cvm6HK4Y7tsPyTcRF,False,,50 BTC,50 BTC,,False,Quantum Exposed (P2PK),,Dormant,50 BTC,0 BTC,1,Legacy (1...)
Unspent/Lost Keys?,1Cev2okbpwDPH3jPoHEWJFdrFCrmfodv9N,False,,50 BTC,50 BTC,,False,Quantum Exposed (P2PK),,Dormant,50 BTC,0 BTC,1,Legacy (1...)
Unspent/Lost Keys?,1M25afExu5qjfC5gaeAhjfzNnDDLG5XaBy,False,,50 BTC,50 BTC,,False,Quantum Exposed (P2PK),,Dormant,50 BTC,0 BTC,1,Legacy (1...)
Unspent/Lost Keys?,15CPBGqhqwi26vgA1TmRHgjSsQCbnrvJRk,False,,50 BTC,50 BTC,,False,Quantum Exposed (P2PK),,Dormant,50 BTC,0 BTC,1,Legacy (1...)
Unspent/Lost Keys?,1HRmFHUMtQdSr4y8kmq9o2ndVueuXGsF2G,False,,50 BTC,50 BTC,,False,Quantum Exposed (P2PK),,Dormant,50 BTC,0 BTC,1,Legacy (1...)
Unspent/Lost Keys?,1AnHrnD7UbCVwHwWkBYiE9fTpvEnNiitVc,False,,50 BTC,50 BTC,,False,Quantum Exposed (P2PK),,Dormant,50 BTC,0 BTC,1,Legacy (1...)
Unspent/Lost Keys?,1B1r9TQDiX2U2boVKToMRjpcYgjvzpkWp7,False,,50 BTC,50 BTC,,False,Quantum Exposed (P2PK),,Dormant,50 BTC,0 BTC,1,Legacy (1...)
Unspent/Lost Keys?,1GciAZF9X4HWfwXpTvJWLxrjEDWsLJcZ5J,False,,50 BTC,50 BTC,,False,Quantum Exposed (P2PK),,Dormant,50 BTC,0 BTC,1,Legacy (1...)
Unspent/Lost Keys?,1Ami8JxY2Yc1FWuQVnWscron1D2PiWxskP,False,,50 BTC,50 BTC,,False,Quantum Exposed (P2PK),,Dormant,50 BTC,0 BTC,1,Legacy (1...)
Unspent/Lost Keys?,19mRUvwRVueDy7rap4fQDkzz9XUa5rhso1,False,,50 BTC,50 BTC,,False,Quantum Exposed (P2PK),,Dormant,50 BTC,0 BTC,1,Legacy (1...)
Unspent/Lost Keys?,1KasxLaoYr3JCnZmesrhYGuVxv6vTHQu2d,False,,50 BTC,50 BTC,,False,Quantum Exposed (P2PK),,Dormant,50 BTC,0 BTC,1,Legacy (1...)
Unspent/Lost Keys?,18YbbNd4uLSPXkcWifNRK3JZQ7JVRnMXHa,False,,50 BTC,50 BTC,,False,Quantum Exposed (P2PK),,Dormant,50 BTC,0 BTC,1,Legacy (1...)
Unspent/Lost Keys?,16ucnLgySRLYy2mvBuXFZPZCRM8DoFY46W,False,,50 BTC,50 BTC,,False,Quantum Exposed (P2PK),,Dormant,50 BTC,0 BTC,1,Legacy (1...)
Unspent/Lost Keys?,1Kz7UyXbgSxL83hN8jArHqQcE1obqsK1B4,False,,50 BTC,50 BTC,,False,Quantum Exposed (P2PK),,Dormant,50 BTC,0 BTC,1,Legacy (1...)
Unspent/Lost Keys?,1By25jX8SptxkHFrFJrgbxhuB83C5GGXnc,False,,50 BTC,50 BTC,,False,Quantum Exposed (P2PK),,Dormant,50 BTC,0 BTC,1,Legacy (1...)
Unspent/Lost Keys?,1FqZ84KUqEE7qJVRRTauLXYRjt1JfyPo71,False,,50 BTC,50 BTC,,False,Quantum Exposed (P2PK),,Dormant,50 BTC,0 BTC,1,Legacy (1...)
Unspent/Lost Keys?,1562oGAGjMnQU5VsppQ8R2Hs4ab6WaeGBW,False,,50 BTC,50 BTC,,False,Quantum Exposed (P2PK),,Dormant,50 BTC,0 BTC,1,Legacy (1...)
Unspent/Lost Keys?,1LTLwGgVR4ey139PezChWfFWbZnGVCEmym,False,,50 BTC,50 BTC,,False,Quantum Exposed (P2PK),,Dormant,50 BTC,0 BTC,1,Legacy (1...)
Unspent/Lost Keys?,12DjDWvXifrxizvn7rdQdYqrq9jnY6iA4F,False,,50 BTC,50 BTC,,False,Quantum Exposed (P2PK),,Dormant,50 BTC,0 BTC,1,Legacy (1...)
Unspent/Lost Keys?,17FNKvUnLaB8zJve72S2E777ZDEZBBRBk8,False,,50 BTC,50 BTC,,False,Quantum Exposed (P2PK),,Dormant,50 BTC,0 BTC,1,Legacy (1...)
Unspent/Lost Keys?,1AUsn9BUs7RaxdPoHuyfDgZ2uQ6kWHRonh,False,,50 BTC,50 BTC,,False,Quantum Exposed (P2PK),,Dormant,50 BTC,0 BTC,1,Legacy (1...)
Unspent/Lost Keys?,1GL6i1ty44RnERgqYLKS1CrnhrahW4JhQZ,False,,50 BTC,50 BTC,,False,Quantum Exposed (P2PK),,Dormant,50 BTC,0 BTC,1,Legacy (1...)
Unspent/Lost Keys?,1FbaHimqo6FAQbyrnUjiMutgwpocLDw4bS,False,,50 BTC,50 BTC,,False,Quantum Exposed (P2PK),,Dormant,50 BTC,0 BTC,1,Legacy (1...)
Unspent/Lost Keys?,1EiMGeZVJ9f3Zuokp4KWj3PQuowZgQXUeM,False,,50 BTC,50 BTC,,False,Quantum Exposed (P2PK),,Dormant,50 BTC,0 BTC,1,Legacy (1...)
Unspent/Lost Keys?,1MycUHutP9zPJsCqhVAWDmj4rbhKvtYE11,False,,50 BTC,50 BTC,,False,Quantum Exposed (P2PK),,Dormant,50 BTC,0 BTC,1,Legacy (1...)
Unspent/Lost Keys?,1HYcRWMoyTDmGXRpq6svaoCURsDhYB8Y1s,False,,50 BTC,50 BTC,,False,Quantum Exposed (P2PK),,Dormant,50 BTC,0 BTC,1,Legacy (1...)
Unspent/Lost Keys?,1MqArsr33cxhnpYdsjJApjui1BhnzAwihX,False,,50 BTC,50 BTC,,False,Quantum Exposed (P2PK),,Dormant,50 BTC,0 BTC,1,Legacy (1...)
Unspent/Lost Keys?,1tCYRLM1bAjSy2NrBp5HnLKAx5zprtDkT,False,,50 BTC,50 BTC,,False,Quantum Exposed (P2PK),,Dormant,50 BTC,0 BTC,1,Legacy (1...)
Unspent/Lost Keys?,1KfH6XzoKSXrUBXuxbC3KTtPzoWxdkEEgu,False,,50 BTC,50 BTC,,False,Quantum Exposed (P2PK),,Dormant,50 BTC,0 BTC,1,Legacy (1...)
Unspent/Lost Keys?,1KB23eADRYbTWdTfVNSC5E14cpUpvyWUpg,False,,50 BTC,50 BTC,,False,Quantum Exposed (P2PK),,Dormant,50 BTC,0 BTC,1,Legacy (1...)
Unspent/Lost Keys?,1Kh79GzegqX82eX7mffCZbhJAJF8TLZQPW,False,,50 BTC,50 BTC,,False,Quantum Exposed (P2PK),,Dormant,50 BTC,0 BTC,1,Legacy (1...)
Unspent/Lost Keys?,1Pk9rU6g8uW1ju1e3vihitv9ub2CZCJ3zP,False,,50 BTC,50 BTC,,False,Quantum Exposed (P2PK),,Dormant,50 BTC,0 BTC,1,Legacy (1...)
Unspent/Lost Keys?,1GFecY3imCXRrEKaR1CwVabKr2RQ8hopSU,False,,50 BTC,50 BTC,,False,Quantum Exposed (P2PK),,Dormant,50 BTC,0 BTC,1,Legacy (1...)
Unspent/Lost Keys?,17JBzrMFh3fEjLPzhJtTgf2K22suf1NZiu,False,,50 BTC,50 BTC,,False,Quantum Exposed (P2PK),,Dormant,50 BTC,0 BTC,1,Legacy (1...)
Unspent/Lost Keys?,17rHN3JsYCe6s4pDhMJdTRaFWMVnjg9MqX,False,,50 BTC,50 BTC,,False,Quantum Exposed (P2PK),,Dormant,50 BTC,0 BTC,1,Legacy (1...)
Unspent/Lost Keys?,1237uX8Br59pNQYQFC2TNJZELRedPRHv2d,False,,50 BTC,50 BTC,,False,Quantum Exposed (P2PK),,Dormant,50 BTC,0 BTC,1,Legacy (1...)
Unspent/Lost Keys?,1MXBQDME7F5wpi64C5fsy2uV741R4VXSwL,False,,50 BTC,50 BTC,,False,Quantum Exposed (P2PK),,Dormant,50 BTC,0 BTC,1,Legacy (1...)
Unspent/Lost Keys?,1BHFnnytRmeRUSrXBYMwFBfmmjFJfLq23b,False,,50 BTC,50 BTC,,False,Quantum Exposed (P2PK),,Dormant,50 BTC,0 BTC,1,Legacy (1...)
Unspent/Lost Keys?,1FLtWAxjubjMwZUTvjXbJWAzR5DTHeqNY5,False,,50 BTC,50 BTC,,False,Quantum Exposed (P2PK),,Dormant,50 BTC,0 BTC,1,Legacy (1...)
Unspent/Lost Keys?,1Bqp4myRKwUpdLNGEfbkpgTSmWPksuRrJy,False,,50 BTC,50 BTC,,False,Quantum Exposed (P2PK),,Dormant,50 BTC,0 BTC,1,Legacy (1...)
Unspent/Lost Keys?,13mXNtthQ8WDrNLBCrXDFjMet3qNR6ju6r,False,,50 BTC,50 BTC,,False,Quantum Exposed (P2PK),,Dormant,50 BTC,0 BTC,1,Legacy (1...)
Unspent/Lost Keys?,1H1oY6WiGDs8QAzDRPzJJSp5QcXYZz9seK,False,,50 BTC,50 BTC,,False,Quantum Exposed (P2PK),,Dormant,50 BTC,0 BTC,1,Legacy (1...)
Unspent/Lost Keys?,1GwVQQemy2L53JHK18Me3s1vX8AhWCNpMD,False,,50 BTC,50 BTC,,False,Quantum Exposed (P2PK),,Dormant,50 BTC,0 BTC,1,Legacy (1...)
Unspent/Lost Keys?,1ASLqMDNCacKkLqPi8FzMZqAY3bhw31fu9,False,,50 BTC,50 BTC,,False,Quantum Exposed (P2PK),,Dormant,50 BTC,0 BTC,1,Legacy (1...)
Unspent/Lost Keys?,16DmFboHW7n1v1tryVW6iwbysri4EjoP2A,False,,50 BTC,50 BTC,,False,Quantum Exposed (P2PK),,Dormant,50 BTC,0 BTC,1,Legacy (1...)
Unspent/Lost Keys?,1KCM12Sh95SZVUUqB1FStBdDoqTjW3vaap,False,,50 BTC,50 BTC,,False,Quantum Exposed (P2PK),,Dormant,50 BTC,0 BTC,1,Legacy (1...)
Unspent/Lost Keys?,1yyUAxXFkeu6D7qYB6mZXfbgAsEkwVAtE,False,,50 BTC,50 BTC,,False,Quantum Exposed (P2PK),,Dormant,50 BTC,0 BTC,1,Legacy (1...)
Unspent/Lost Keys?,1DJQPkwM2W5QjAHqhst1BCTpmmfRbM79kp,False,,50 BTC,50 BTC,,False,Quantum Exposed (P2PK),,Dormant,50 BTC,0 BTC,1,Legacy (1...)
Unspent/Lost Keys?,1N1KmgSEYNshhFRjf2iheMJ4WMCLyje21U,False,,50 BTC,50 BTC,,False,Quantum Exposed (P2PK),,Dormant,50 BTC,0 BTC,1,Legacy (1...)
Unspent/Lost Keys?,1KtYxeAG2n6p5LqksxbK9QHUFAPSH4B84m,False,,50 BTC,50 BTC,,False,Quantum Exposed (P2PK),,Dormant,50 BTC,0 BTC,1,Legacy (1...)
Unspent/Lost Keys?,1NhKHV33D9eUSxru9aHz6TXF7MYJRiibLk,False,,50 BTC,50 BTC,,False,Quantum Exposed (P2PK),,Dormant,50 BTC,0 BTC,1,Legacy (1...)
Unspent/Lost Keys?,16CxHzZU7aXBXvrZzoFmcsPxUYVTLgzbYq,False,,50 BTC,50 BTC,,False,Quantum Exposed (P2PK),,Dormant,50 BTC,0 BTC,1,Legacy (1...)
Unspent/Lost Keys?,1ESheFnrs4MriUZC9PxAJyWZQkgFJFCkBP,False,,50 BTC,50 BTC,,False,Quantum Exposed (P2PK),,Dormant,50 BTC,0 BTC,1,Legacy (1...)
Unspent/Lost Keys?,1HkyEYcXKidgRcuNTJRY8hiV3AwZnzpJDY,False,,50 BTC,50 BTC,,False,Quantum Exposed (P2PK),,Dormant,50 BTC,0 BTC,1,Legacy (1...)
Unspent/Lost Keys?,12r7QnVQXAoFrVsXpEdx22AgMJbzZ5N4Qk,False,,50 BTC,50 BTC,,False,Quantum Exposed (P2PK),,Dormant,50 BTC,0 BTC,1,Legacy (1...)
Unspent/Lost Keys?,1CtV9nooWqR8zYbN3PnetnhmkFEZiCWmCP,False,,50 BTC,50 BTC,,False,Quantum Exposed (P2PK),,Dormant,50 BTC,0 BTC,1,Legacy (1...)
Unspent/Lost Keys?,1MoroUCvEtQNWhvhhWfRPZ5jK4aPVq1tGf,False,,50 BTC,50 BTC,,False,Quantum Exposed (P2PK),,Dormant,50 BTC,0 BTC,1,Legacy (1...)
Unspent/Lost Keys?,1Q7Ach95Kv3eFf5DxTNTsgMxMhBFtJtXuf,False,,50 BTC,50 BTC,,False,Quantum Exposed (P2PK),,Dormant,50 BTC,0 BTC,1,Legacy (1...)
Unspent/Lost Keys?,1CY5MhHRMwqVDsprEES5AxcMFJFgmDDxab,False,,50 BTC,50 BTC,,False,Quantum Exposed (P2PK),,Dormant,50 BTC,0 BTC,1,Legacy (1...)
Unspent/Lost Keys?,1GA2QHegUApHZarxwdBmASgghV4NxKm44g,False,,50 BTC,50 BTC,,False,Quantum Exposed (P2PK),,Dormant,50 BTC,0 BTC,1,Legacy (1...)
Unspent/Lost Keys?,1EX1E9n3bPA1zGKDV5iHY2MnM7n5tDfnfH,False,,50 BTC,50 BTC,,False,Quantum Exposed (P2PK),,Dormant,50 BTC,0 BTC,1,Legacy (1...)
Unspent/Lost Keys?,1CwTYt6geNuY7JSHZijgSzSqtQLm9xZHNW,False,,50 BTC,50 BTC,,False,Quantum Exposed (P2PK),,Dormant,50 BTC,0 BTC,1,Legacy (1...)
Unspent/Lost Keys?,125Rg7ZvmYxeoNeTbU4CaXrVSxbB331KPZ,False,,50 BTC,50 BTC,,False,Quantum Exposed (P2PK),,Dormant,50 BTC,0 BTC,1,Legacy (1...)
Unspent/Lost Keys?,1EwdBbkmzxZ6zroa29CHCFtp46PfPXqhjX,False,,50 BTC,50 BTC,,False,Quantum Exposed (P2PK),,Dormant,50 BTC,0 BTC,1,Legacy (1...)
Unspent/Lost Keys?,15Zkm5xRdCYYHkHS1i21PcE9eEsyKdkgWy,False,,50 BTC,50 BTC,,False,Quantum Exposed (P2PK),,Dormant,50 BTC,0 BTC,1,Legacy (1...)
Unspent/Lost Keys?,1GYrCWTvtWzRJrTxGSAm4hpyFq6KG3Lm4K,False,,50 BTC,50 BTC,,False,Quantum Exposed (P2PK),,Dormant,50 BTC,0 BTC,1,Legacy (1...)
Unspent/Lost Keys?,1Aw8fisqf2eT2kAHJxv9N8yaoNW1iN4HYz,False,,50 BTC,50 BTC,,False,Quantum Exposed (P2PK),,Dormant,50 BTC,0 BTC,1,Legacy (1...)
Unspent/Lost Keys?,1MtMCEV9DNwk1Zb212eC4rPATbhg7hWhwU,False,,50 BTC,50 BTC,,False,Quantum Exposed (P2PK),,Dormant,50 BTC,0 BTC,1,Legacy (1...)
Unspent/Lost Keys?,1AQnZzdZRKGmbDrh55KL1r4C23s8rpS7W8,False,,50 BTC,50 BTC,,False,Quantum Exposed (P2PK),,Dormant,50 BTC,0 BTC,1,Legacy (1...)
Unspent/Lost Keys?,1NSXoRoP8g2uGzUB8YjUKC9uC5ZWP5TH4i,False,,50 BTC,50 BTC,,False,Quantum Exposed (P2PK),,Dormant,50 BTC,0 BTC,1,Legacy (1...)
Unspent/Lost Keys?,1AXEA54dfVmAhz1AnVB8YnDMBLG1eBgp7S,False,,50 BTC,50 BTC,,False,Quantum Exposed (P2PK),,Dormant,50 BTC,0 BTC,1,Legacy (1...)
Unspent/Lost Keys?,1LdhVtZifPXE5TwFNCiEGsWWYoK6WG7VMW,False,,50 BTC,50 BTC,,False,Quantum Exposed (P2PK),,Dormant,50 BTC,0 BTC,1,Legacy (1...)
Unspent/Lost Keys?,19eSBrkZJJTAWYExDHEWjECQYAsqe5GVce,False,,50 BTC,50 BTC,,False,Quantum Exposed (P2PK),,Dormant,50 BTC,0 BTC,1,Legacy (1...)
Unspent/Lost Keys?,1AeLrEFkpqVGG69octuKxmBuRx8guRgtLQ,False,,50 BTC,50 BTC,,False,Quantum Exposed (P2PK),,Dormant,50 BTC,0 BTC,1,Legacy (1...)
Unspent/Lost Keys?,1LQnVbdfsDFK9WNQBL64yAZ84nVHvYjVP6,False,,50 BTC,50 BTC,,False,Quantum Exposed (P2PK),,Dormant,50 BTC,0 BTC,1,Legacy (1...)
Unspent/Lost Keys?,13FMvP1eY9uVqdmPWVUGDppo4qhVNMJH4W,False,,50 BTC,50 BTC,,False,Quantum Exposed (P2PK),,Dormant,50 BTC,0 BTC,1,Legacy (1...)
Unspent/Lost Keys?,123u92nd75btiFD5qV1W9W14ZADHMVq6kE,False,,50 BTC,50 BTC,,False,Quantum Exposed (P2PK),,Dormant,50 BTC,0 BTC,1,Legacy (1...)
Unspent/Lost Keys?,1J6kVzGhpB3pyv6uG5vjGefLvaK3BbzFs1,False,,50 BTC,50 BTC,,False,Quantum Exposed (P2PK),,Dormant,50 BTC,0 BTC,1,Legacy (1...)
Unspent/Lost Keys?,15JpqundSRrcSjprqcXWk8P2SNTHChUHSL,False,,50 BTC,50 BTC,,False,Quantum Exposed (P2PK),,Dormant,50 BTC,0 BTC,1,Legacy (1...)
Unspent/Lost Keys?,17DhxgcJiaiv6MGDGwwzRSryZgcbCj25AR,False,,50 BTC,50 BTC,,False,Quantum Exposed (P2PK),,Dormant,50 BTC,0 BTC,1,Legacy (1...)
Unspent/Lost Keys?,1L43UKxQdX1MtzAwr9k9JaFwLjrCWYNz2u,False,,50 BTC,50 BTC,,False,Quantum Exposed (P2PK),,Dormant,50 BTC,0 BTC,1,Legacy (1...)
Unspent/Lost Keys?,1NqWdUe4vTjMkFPUFHkpNvq864WhCv5pqc,False,,50 BTC,50 BTC,,False,Quantum Exposed (P2PK),,Dormant,50 BTC,0 BTC,1,Legacy (1...)
Unspent/Lost Keys?,1DKufMLSKT2NxzqAokRDLcYrSo44dC3VhB,False,,50 BTC,50 BTC,,False,Quantum Exposed (P2PK),,Dormant,50 BTC,0 BTC,1,Legacy (1...)
Unspent/Lost Keys?,1GJ1k9vGtZk4dWWJMVGHKjNSu5frVatZ3P,False,,50 BTC,50 BTC,,False,Quantum Exposed (P2PK),,Dormant,50 BTC,0 BTC,1,Legacy (1...)
Unspent/Lost Keys?,1L5L9Do6BQDg9VEREhhCzQvumJ6Nrk5jEB,False,,50 BTC,50 BTC,,False,Quantum Exposed (P2PK),,Dormant,50 BTC,0 BTC,1,Legacy (1...)
Unspent/Lost Keys?,1FVJ9qoD9di6cXXi47SUsNN18SLzYMaunP,False,,50 BTC,50 BTC,,False,Quantum Exposed (P2PK),,Dormant,50 BTC,0 BTC,1,Legacy (1...)
Unspent/Lost Keys?,1FF2ioStNnfFw4K5ijHMQevhZsfKy4jyP6,False,,50 BTC,50 BTC,,False,Quantum Exposed (P2PK),,Dormant,50 BTC,0 BTC,1,Legacy (1...)
Unspent/Lost Keys?,1LNQBmtWLwwsRS3efnjHQNT617wjrJb9wg,False,,50 BTC,50 BTC,,False,Quantum Exposed (P2PK),,Dormant,50 BTC,0 BTC,1,Legacy (1...)
Unspent/Lost Keys?,12FJ9JozCQm11i2YMEEk1n5Keeanpmywr2,False,,50 BTC,50 BTC,,False,Quantum Exposed (P2PK),,Dormant,50 BTC,0 BTC,1,Legacy (1...)
Unspent/Lost Keys?,1LTrdDgoDBbR9vNnZThySd22LqBhfM5czQ,False,,50 BTC,50 BTC,,False,Quantum Exposed (P2PK),,Dormant,50 BTC,0 BTC,1,Legacy (1...)
Unspent/Lost Keys?,1yGHXbKrDRqURLxkQqw83EFE1L6WQvHZY,False,,50 BTC,50 BTC,,False,Quantum Exposed (P2PK),,Dormant,50 BTC,0 BTC,1,Legacy (1...)
Unspent/Lost Keys?,1B3gzJRMfzpsTcgxinp7tCP89E4rFhQ6cr,False,,50 BTC,50 BTC,,False,Quantum Exposed (P2PK),,Dormant,50 BTC,0 BTC,1,Legacy (1...)
Unspent/Lost Keys?,1fWnu8Lc5TrtFSUpRPqixxFYq614rK3MW,False,,50 BTC,50 BTC,,False,Quantum Exposed (P2PK),,Dormant,50 BTC,0 BTC,1,Legacy (1...)
Unspent/Lost Keys?,18YQ5cTEYZ6APbmx3nxMERN4ickgzGCr1v,False,,50 BTC,50 BTC,,False,Quantum Exposed (P2PK),,Dormant,50 BTC,0 BTC,1,Legacy (1...)
Unspent/Lost Keys?,1C8eE3ryFJQyg2xaneUPyUYXoWgfBadwSZ,False,,50 BTC,50 BTC,,False,Quantum Exposed (P2PK),,Dormant,50 BTC,0 BTC,1,Legacy (1...)
Unspent/Lost Keys?,1J58xY6MTsp5r9CwWqVsq8syqxiZxJBAKm,False,,50 BTC,50 BTC,,False,Quantum Exposed (P2PK),,Dormant,50 BTC,0 BTC,1,Legacy (1...)
Unspent/Lost Keys?,1G3NQmRCkEq2pwphofF1R7ewtHksEQ8ptf,False,,50 BTC,50 BTC,,False,Quantum Exposed (P2PK),,Dormant,50 BTC,0 BTC,1,Legacy (1...)
Unspent/Lost Keys?,1HH9PTNWrdsprWfEAyCYHmsnwYctqvcKmV,False,,50 BTC,50 BTC,,False,Quantum Exposed (P2PK),,Dormant,50 BTC,0 BTC,1,Legacy (1...)
Unspent/Lost Keys?,1HU7pYWxWVzJ2zEer58ASTyWXQmQymTWRM,False,,50 BTC,50 BTC,,False,Quantum Exposed (P2PK),,Dormant,50 BTC,0 BTC,1,Legacy (1...)
Unspent/Lost Keys?,1C1ENNWdkPMyhZ7xTEM4Kwq1FTUifZNCRd,False,,50 BTC,50 BTC,,False,Quantum Exposed (P2PK),,Dormant,50 BTC,0 BTC,1,Legacy (1...)
Unspent/Lost Keys?,19bvvHLojfHiVygojh1iX6gokkL3HNa7Pc,False,,50 BTC,50 BTC,,False,Quantum Exposed (P2PK),,Dormant,50 BTC,0 BTC,1,Legacy (1...)
Unspent/Lost Keys?,185qFTbmP3poioBaohmK8FoL4JkTGh1T9p,False,,50 BTC,50 BTC,,False,Quantum Exposed (P2PK),,Dormant,50 BTC,0 BTC,1,Legacy (1...)
Unspent/Lost Keys?,192xCo6ULYkbbm84H18Coxzc36j4gLyGn6,False,,50 BTC,50 BTC,,False,Quantum Exposed (P2PK),,Dormant,50 BTC,0 BTC,1,Legacy (1...)
Unspent/Lost Keys?,18ZtLGbFXjXG9boB7SPefMgRfnxrSUzNbE,False,,50 BTC,50 BTC,,False,Quantum Exposed (P2PK),,Dormant,50 BTC,0 BTC,1,Legacy (1...)
Unspent/Lost Keys?,1QEHawPyyALtoDcXTpQsMNtQCoUswtWRJu,False,,50 BTC,50 BTC,,False,Quantum Exposed (P2PK),,Dormant,50 BTC,0 BTC,1,Legacy (1...)
Unspent/Lost Keys?,1v7KrV1wTuoGqYZEEHzP4KqC4mSBVwLGr,False,,50 BTC,50 BTC,,False,Quantum Exposed (P2PK),,Dormant,50 BTC,0 BTC,1,Legacy (1...)
Unspent/Lost Keys?,1ML9hbUcWvoBgMJi6SzMiseq4xG281Ub3y,False,,50 BTC,50 BTC,,False,Quantum Exposed (P2PK),,Dormant,50 BTC,0 BTC,1,Legacy (1...)
Unspent/Lost Keys?,18GQYzobd6b8uhw3rBBCJybmpAFJG4HwNi,False,,50 BTC,50 BTC,,False,Quantum Exposed (P2PK),,Dormant,50 BTC,0 BTC,1,Legacy (1...)
Unspent/Lost Keys?,121dXKrMFUJsMvbHt19YdLorKyYbmZpj15,False,,50 BTC,50 BTC,,False,Quantum Exposed (P2PK),,Dormant,50 BTC,0 BTC,1,Legacy (1...)
Unspent/Lost Keys?,14fQ9wqBkfNRCMACBVUJqDiKtEdhen2D1A,False,,50 BTC,50 BTC,,False,Quantum Exposed (P2PK),,Dormant,50 BTC,0 BTC,1,Legacy (1...)
Unspent/Lost Keys?,15m4Rc72NaXG8G3JTwfi7hSQPAv5ZiFTv7,False,,50 BTC,50 BTC,,False,Quantum Exposed (P2PK),,Dormant,50 BTC,0 BTC,1,Legacy (1...)
Unspent/Lost Keys?,1FNBav7Cwzr1qh53MjHR9kDDyrpi3qLZMJ,False,,50 BTC,50 BTC,,False,Quantum Exposed (P2PK),,Dormant,50 BTC,0 BTC,1,Legacy (1...)
Unspent/Lost Keys?,1CpKJgZtTj1LRHav9Kaz6rbHdVK7Uu4PHA,False,,50 BTC,50 BTC,,False,Quantum Exposed (P2PK),,Dormant,50 BTC,0 BTC,1,Legacy (1...)
Unspent/Lost Keys?,12PxCUgj1bLy2pR6M9aTVWf8RNC7Lxf2DR,False,,50 BTC,50 BTC,,False,Quantum Exposed (P2PK),,Dormant,50 BTC,0 BTC,1,Legacy (1...)
Unspent/Lost Keys?,16SbXsKy6R7UroZr8ANFhKbNCrBjYFj73C,False,,50 BTC,50 BTC,,False,Quantum Exposed (P2PK),,Dormant,50 BTC,0 BTC,1,Legacy (1...)
Unspent/Lost Keys?,1JFbeQ4Bf8spHq8gYWznsv7Ut83kjrVTLn,False,,50 BTC,50 BTC,,False,Quantum Exposed (P2PK),,Dormant,50 BTC,0 BTC,1,Legacy (1...)
Unspent/Lost Keys?,12ztBPA1XxLirax9GQaWdJ8ecFrmSd8JGt,False,,50 BTC,50 BTC,,False,Quantum Exposed (P2PK),,Dormant,50 BTC,0 BTC,1,Legacy (1...)
Unspent/Lost Keys?,1AQsCqKkX9beBZdjMeQxxoMBNTpPGZkQyZ,False,,50 BTC,50 BTC,,False,Quantum Exposed (P2PK),,Dormant,50 BTC,0 BTC,1,Legacy (1...)
Unspent/Lost Keys?,1EZ32tKEP5WaNTDWX94ZLfke6H7BjUuYXk,False,,50 BTC,50 BTC,,False,Quantum Exposed (P2PK),,Dormant,50 BTC,0 BTC,1,Legacy (1...)
Unspent/Lost Keys?,1EAMErQuzRm4mufKGDEkZzsK9gCvGH5Lmk,False,,50 BTC,50 BTC,,False,Quantum Exposed (P2PK),,Dormant,50 BTC,0 BTC,1,Legacy (1...)
Unspent/Lost Keys?,15nagDkhsd7gJphsahnGkZ5Mhnzg6S1miM,False,,50 BTC,50 BTC,,False,Quantum Exposed (P2PK),,Dormant,50 BTC,0 BTC,1,Legacy (1...)
Unspent/Lost Keys?,1NY3Pr8EYgy74K5DwQCYkKsE4dYNeiGUGg,False,,50 BTC,50 BTC,,False,Quantum Exposed (P2PK),,Dormant,50 BTC,0 BTC,1,Legacy (1...)
Unspent/Lost Keys?,1CPMdzmgYGH14QQQxNrnyuPipj3RPUqFTX,False,,50 BTC,50 BTC,,False,Quantum Exposed (P2PK),,Dormant,50 BTC,0 BTC,1,Legacy (1...)
Unspent/Lost Keys?,1BJB7rF8EMZxNKp3sKgBmk8rJt1vAkcauy,False,,50 BTC,50 BTC,,False,Quantum Exposed (P2PK),,Dormant,50 BTC,0 BTC,1,Legacy (1...)
Unspent/Lost Keys?,1LPTq6DKLLTcqm2mYY5s5HdcWrJmuNZvhd,False,,50 BTC,50 BTC,,False,Quantum Exposed (P2PK),,Dormant,50 BTC,0 BTC,1,Legacy (1...)
Unspent/Lost Keys?,16n5Zk9SquiPU5xoTn6UBbCkuophZsHLjf,False,,50 BTC,50 BTC,,False,Quantum Exposed (P2PK),,Dormant,50 BTC,0 BTC,1,Legacy (1...)
Unspent/Lost Keys?,17ysQmqZCWb4WMCXueWfQ7LK9W53GELp9s,False,,50 BTC,50 BTC,,False,Quantum Exposed (P2PK),,Dormant,50 BTC,0 BTC,1,Legacy (1...)
Unspent/Lost Keys?,1zL84Kf5T6KKQwTCWZiVoo9GSV57ChdUt,False,,50 BTC,50 BTC,,False,Quantum Exposed (P2PK),,Dormant,50 BTC,0 BTC,1,Legacy (1...)
Unspent/Lost Keys?,1GwH55QhMxcrwZPWz4Akp3tcK6vxeqg2uH,False,,50 BTC,50 BTC,,False,Quantum Exposed (P2PK),,Dormant,50 BTC,0 BTC,1,Legacy (1...)
Unspent/Lost Keys?,19csQY2yX56fGx7DejBvrHdtG2JAPPyndF,False,,50 BTC,50 BTC,,False,Quantum Exposed (P2PK),,Dormant,50 BTC,0 BTC,1,Legacy (1...)
Unspent/Lost Keys?,1LU2SdeHZvmy9YChmFMXymwcGNk9HZFgGD,False,,50 BTC,50 BTC,,False,Quantum Exposed (P2PK),,Dormant,50 BTC,0 BTC,1,Legacy (1...)
Unspent/Lost Keys?,19aFevdZpk6pU21zn8cA4J3MtkaSugH8pi,False,,50 BTC,50 BTC,,False,Quantum Exposed (P2PK),,Dormant,50 BTC,0 BTC,1,Legacy (1...)
Unspent/Lost Keys?,1DSmz1bDPfeJo9EqxSux9eiS3r2edD77x1,False,,50 BTC,50 BTC,,False,Quantum Exposed (P2PK),,Dormant,50 BTC,0 BTC,1,Legacy (1...)
Unspent/Lost Keys?,1PsEZNrXUTcHVEDVHxFFAQkpNxiQwcgdzn,False,,50 BTC,50 BTC,,False,Quantum Exposed (P2PK),,Dormant,50 BTC,0 BTC,1,Legacy (1...)
Unspent/Lost Keys?,14h26qnXiqdy9FxPLp3dXsmcon7d14Mdap,False,,50 BTC,50 BTC,,False,Quantum Exposed (P2PK),,Dormant,50 BTC,0 BTC,1,Legacy (1...)
Unspent/Lost Keys?,16uLRKbrL7udQtcDAUk2i5e4tVu2T8Xybo,False,,50 BTC,50 BTC,,False,Quantum Exposed (P2PK),,Dormant,50 BTC,0 BTC,1,Legacy (1...)
Unspent/Lost Keys?,1EpKBvfZa3W6e4o56B5NQdckzZHM34RfgJ,False,,50 BTC,50 BTC,,False,Quantum Exposed (P2PK),,Dormant,50 BTC,0 BTC,1,Legacy (1...)
Unspent/Lost Keys?,15kKY1Tx3e5Qt52ZeZVm1bZKzrMRD11tGc,False,,50 BTC,50 BTC,,False,Quantum Exposed (P2PK),,Dormant,50 BTC,0 BTC,1,Legacy (1...)
Unspent/Lost Keys?,13ZZm14ed78RHeEiqHMdLrCTDv928MvZEd,False,,50 BTC,50 BTC,,False,Quantum Exposed (P2PK),,Dormant,50 BTC,0 BTC,1,Legacy (1...)
Unspent/Lost Keys?,17VDMXuQQJbwZWpep9LsGwEZxPbASwJzz2,False,,50 BTC,50 BTC,,False,Quantum Exposed (P2PK),,Dormant,50 BTC,0 BTC,1,Legacy (1...)
Unspent/Lost Keys?,1A2z5cLAov1zFRxYT1wzH2S2oJHRDjCXwj,False,,50 BTC,50 BTC,,False,Quantum Exposed (P2PK),,Dormant,50 BTC,0 BTC,1,Legacy (1...)
Unspent/Lost Keys?,1BGrykyYrvtKKLoTbqq5wYLHj6jZyNU68R,False,,50 BTC,50 BTC,,False,Quantum Exposed (P2PK),,Dormant,50 BTC,0 BTC,1,Legacy (1...)
Unspent/Lost Keys?,1En2fxX9JAdnY7DGBH38Zu6F4Pkji9tESf,False,,50 BTC,50 BTC,,False,Quantum Exposed (P2PK),,Dormant,50 BTC,0 BTC,1,Legacy (1...)
Unspent/Lost Keys?,1M6M6suG2YbBbC2hZHmd3YYt1PUPLPhGET,False,,50 BTC,50 BTC,,False,Quantum Exposed (P2PK),,Dormant,50 BTC,0 BTC,1,Legacy (1...)
Unspent/Lost Keys?,1NG8HpU6By7H65YpQdyjCm4uKbRn64QYwJ,False,,50 BTC,50 BTC,,False,Quantum Exposed (P2PK),,Dormant,50 BTC,0 BTC,1,Legacy (1...)
Unspent/Lost Keys?,1DRSV7wiZJ2aBNt8TxBDaeVSSHPMVNhPU6,False,,50 BTC,50 BTC,,False,Quantum Exposed (P2PK),,Dormant,50 BTC,0 BTC,1,Legacy (1...)
Unspent/Lost Keys?,1LHieg5bQLrsMA5cGoFsbtcRuUdYEWLhkx,False,,50 BTC,50 BTC,,False,Quantum Exposed (P2PK),,Dormant,50 BTC,0 BTC,1,Legacy (1...)
Unspent/Lost Keys?,1HcDFx1QWiJYRZ7879NZcBzYLxs5cvU4Ty,False,,50 BTC,50 BTC,,False,Quantum Exposed (P2PK),,Dormant,50 BTC,0 BTC,1,Legacy (1...)
Unspent/Lost Keys?,1Hv998se6C8syWwyULoetXPp6t6XYTmuZg,False,,50 BTC,50 BTC,,False,Quantum Exposed (P2PK),,Dormant,50 BTC,0 BTC,1,Legacy (1...)
Unspent/Lost Keys?,1BoUcd4qeN9CJfdbueKQK4KnVYtVs7RV47,False,,50 BTC,50 BTC,,False,Quantum Exposed (P2PK),,Dormant,50 BTC,0 BTC,1,Legacy (1...)
Unspent/Lost Keys?,1BGvw4wZ969fncnyG5pZKYFqa5GD9FS9Cm,False,,50 BTC,50 BTC,,False,Quantum Exposed (P2PK),,Dormant,50 BTC,0 BTC,1,Legacy (1...)
Unspent/Lost Keys?,16nsQ2sBRoCY87jHQ5CzrsqHAfyWDS4KRK,False,,50 BTC,50 BTC,,False,Quantum Exposed (P2PK),,Dormant,50 BTC,0 BTC,1,Legacy (1...)
Unspent/Lost Keys?,1PcxeABFjfBAUvFXatm5yP6S6e9uGkrASw,False,,50 BTC,50 BTC,,False,Quantum Exposed (P2PK),,Dormant,50 BTC,0 BTC,1,Legacy (1...)
Unspent/Lost Keys?,1P8kXAU4m9esup5cAbkwSJvZ6PohDR4dyW,False,,50 BTC,50 BTC,,False,Quantum Exposed (P2PK),,Dormant,50 BTC,0 BTC,1,Legacy (1...)
Unspent/Lost Keys?,1KY4KrZWU5BYddeTuGTyWCJV34quoyPZUY,False,,50 BTC,50 BTC,,False,Quantum Exposed (P2PK),,Dormant,50 BTC,0 BTC,1,Legacy (1...)
Unspent/Lost Keys?,13rQ3QfPXE213Tuc7jmi9znoh77QUUhB5V,False,,50 BTC,50 BTC,,False,Quantum Exposed (P2PK),,Dormant,50 BTC,0 BTC,1,Legacy (1...)
Unspent/Lost Keys?,1JB1XBzjLitVPQ8QVU5wzjPwsPUBneynWX,False,,50 BTC,50 BTC,,False,Quantum Exposed (P2PK),,Dormant,50 BTC,0 BTC,1,Legacy (1...)
Unspent/Lost Keys?,16AZZq2A6AganQvdUoTjQBZvmHh8fu2Avv,False,,50 BTC,50 BTC,,False,Quantum Exposed (P2PK),,Dormant,50 BTC,0 BTC,1,Legacy (1...)
Unspent/Lost Keys?,15at2tpirnt7tt413o9qUMGgsEBD3oyARB,False,,50 BTC,50 BTC,,False,Quantum Exposed (P2PK),,Dormant,50 BTC,0 BTC,1,Legacy (1...)
Unspent/Lost Keys?,1Po1S45pJZKJTsBgzRU8jdGgL3rp1skGM6,False,,50 BTC,50 BTC,,False,Quantum Exposed (P2PK),,Dormant,50 BTC,0 BTC,1,Legacy (1...)
Unspent/Lost Keys?,1BUmUdjE7WebwnbymwUpKjL8dGir42ysub,False,,50 BTC,50 BTC,,False,Quantum Exposed (P2PK),,Dormant,50 BTC,0 BTC,1,Legacy (1...)
Unspent/Lost Keys?,1GyW1PDNEMuT5QgiiyKGSZeS43yWcfju71,False,,50 BTC,50 BTC,,False,Quantum Exposed (P2PK),,Dormant,50 BTC,0 BTC,1,Legacy (1...)
Unspent/Lost Keys?,1G5Fa6WPTmeCZ8Z4o5sbCGR5NNAYsb1m2o,False,,50 BTC,50 BTC,,False,Quantum Exposed (P2PK),,Dormant,50 BTC,0 BTC,1,Legacy (1...)
Unspent/Lost Keys?,17FR5FgMDbZAtoghapcKfYW23sruRGcX2v,False,,50 BTC,50 BTC,,False,Quantum Exposed (P2PK),,Dormant,50 BTC,0 BTC,1,Legacy (1...)
Unspent/Lost Keys?,1NijuGt6TXMXy89orQVrvbXkA43wmj45oL,False,,50 BTC,50 BTC,,False,Quantum Exposed (P2PK),,Dormant,50 BTC,0 BTC,1,Legacy (1...)
Unspent/Lost Keys?,1AdW2E1gCB4teSjdDhx5M6HUbvwdeHJNNg,False,,50 BTC,50 BTC,,False,Quantum Exposed (P2PK),,Dormant,50 BTC,0 BTC,1,Legacy (1...)
Unspent/Lost Keys?,1Jq943wZrTVVuBztgxZ1Xd3NCyKXzPTPmX,False,,50 BTC,50 BTC,,False,Quantum Exposed (P2PK),,Dormant,50 BTC,0 BTC,1,Legacy (1...)
Unspent/Lost Keys?,1GGWbaXJskxYasdVTvLJsUDD6s99uBDkGr,False,,50 BTC,50 BTC,,False,Quantum Exposed (P2PK),,Dormant,50 BTC,0 BTC,1,Legacy (1...)
Unspent/Lost Keys?,1M2mT95u45mmzUZNZXgLdCaY5yDKyWfQsn,False,,50 BTC,50 BTC,,False,Quantum Exposed (P2PK),,Dormant,50 BTC,0 BTC,1,Legacy (1...)
Unspent/Lost Keys?,19y4Ghcu9AweFp2UkctMDxwWfKyJciaLVo,False,,50 BTC,50 BTC,,False,Quantum Exposed (P2PK),,Dormant,50 BTC,0 BTC,1,Legacy (1...)
Unspent/Lost Keys?,1GSrCrtjZ6nk3Yn2wuY2qyXo8qPLGgAMqQ,False,,10 BTC,10 BTC,,False,High Analysis Priority (Dormant),,Dormant,10 BTC,0 BTC,1,Legacy (1...)
Unspent/Lost Keys?,13Km9vYrvYvYvYvYvYvYvYvYvYvYvYvYv,False,,10 BTC,10 BTC,,False,High Analysis Priority (Dormant),,Dormant,10 BTC,0 BTC,1,Legacy (1...)
Unspent/Lost Keys?,12cbQL9DbEhkRUVQi4zg6jS9RgjPh9mD7S,False,,10 BTC,10 BTC,,False,High Analysis Priority (Dormant),,Dormant,10 BTC,0 BTC,1,Legacy (1...)
Unspent/Lost Keys?,1Bitcoin10BTC1003zYvYvYvYvYvYvYvYv,False,,10 BTC,10 BTC,,False,High Analysis Priority (Dormant),,Dormant,10 BTC,0 BTC,1,Legacy (1...)
Unspent/Lost Keys?,1Bitcoin10BTC1004zYvYvYvYvYvYvYvYv,False,,10 BTC,10 BTC,,False,High Analysis Priority (Dormant),,Dormant,10 BTC,0 BTC,1,Legacy (1...)
Unspent/Lost Keys?,1Bitcoin10BTC1005zYvYvYvYvYvYvYvYv,False,,10 BTC,10 BTC,,False,High Analysis Priority (Dormant),,Dormant,10 BTC,0 BTC,1,Legacy (1...)
Unspent/Lost Keys?,1Bitcoin10BTC1006zYvYvYvYvYvYvYvYv,False,,10 BTC,10 BTC,,False,High Analysis Priority (Dormant),,Dormant,10 BTC,0 BTC,1,Legacy (1...)
Unspent/Lost Keys?,1Bitcoin10BTC1007zYvYvYvYvYvYvYvYv,False,,10 BTC,10 BTC,,False,High Analysis Priority (Dormant),,Dormant,10 BTC,0 BTC,1,Legacy (1...)
Unspent/Lost Keys?,1Bitcoin10BTC1008zYvYvYvYvYvYvYvYv,False,,10 BTC,10 BTC,,False,High Analysis Priority (Dormant),,Dormant,10 BTC,0 BTC,1,Legacy (1...)
Unspent/Lost Keys?,1Bitcoin10BTC1009zYvYvYvYvYvYvYvYv,False,,10 BTC,10 BTC,,False,High Analysis Priority (Dormant),,Dormant,10 BTC,0 BTC,1,Legacy (1...)
Unspent/Lost Keys?,1Bitcoin10BTC100azYvYvYvYvYvYvYvYv,False,,10 BTC,10 BTC,,False,High Analysis Priority (Dormant),,Dormant,10 BTC,0 BTC,1,Legacy (1...)
Unspent/Lost Keys?,1Bitcoin10BTC100bzYvYvYvYvYvYvYvYv,False,,10 BTC,10 BTC,,False,High Analysis Priority (Dormant),,Dormant,10 BTC,0 BTC,1,Legacy (1...)
Unspent/Lost Keys?,1Bitcoin10BTC100czYvYvYvYvYvYvYvYv,False,,10 BTC,10 BTC,,False,High Analysis Priority (Dormant),,Dormant,10 BTC,0 BTC,1,Legacy (1...)
Unspent/Lost Keys?,1Bitcoin10BTC100dzYvYvYvYvYvYvYvYv,False,,10 BTC,10 BTC,,False,High Analysis Priority (Dormant),,Dormant,10 BTC,0 BTC,1,Legacy (1...)
Unspent/Lost Keys?,1Bitcoin10BTC100ezYvYvYvYvYvYvYvYv,False,,10 BTC,10 BTC,,False,High Analysis Priority (Dormant),,Dormant,10 BTC,0 BTC,1,Legacy (1...)
Unspent/Lost Keys?,1Bitcoin10BTC100fzYvYvYvYvYvYvYvYv,False,,10 BTC,10 BTC,,False,High Analysis Priority (Dormant),,Dormant,10 BTC,0 BTC,1,Legacy (1...)
Unspent/Lost Keys?,1Bitcoin10BTC1010zYvYvYvYvYvYvYvYv,False,,10 BTC,10 BTC,,False,High Analysis Priority (Dormant),,Dormant,10 BTC,0 BTC,1,Legacy (1...)
Unspent/Lost Keys?,1Bitcoin10BTC1011zYvYvYvYvYvYvYvYv,False,,10 BTC,10 BTC,,False,High Analysis Priority (Dormant),,Dormant,10 BTC,0 BTC,1,Legacy (1...)
Unspent/Lost Keys?,1Bitcoin10BTC1012zYvYvYvYvYvYvYvYv,False,,10 BTC,10 BTC,,False,High Analysis Priority (Dormant),,Dormant,10 BTC,0 BTC,1,Legacy (1...)
Unspent/Lost Keys?,1Bitcoin10BTC1013zYvYvYvYvYvYvYvYv,False,,10 BTC,10 BTC,,False,High Analysis Priority (Dormant),,Dormant,10 BTC,0 BTC,1,Legacy (1...)
Unspent/Lost Keys?,1Bitcoin10BTC1014zYvYvYvYvYvYvYvYv,False,,10 BTC,10 BTC,,False,High Analysis Priority (Dormant),,Dormant,10 BTC,0 BTC,1,Legacy (1...)
Unspent/Lost Keys?,1Bitcoin10BTC1015zYvYvYvYvYvYvYvYv,False,,10 BTC,10 BTC,,False,High Analysis Priority (Dormant),,Dormant,10 BTC,0 BTC,1,Legacy (1...)
Unspent/Lost Keys?,1Bitcoin10BTC1016zYvYvYvYvYvYvYvYv,False,,10 BTC,10 BTC,,False,High Analysis Priority (Dormant),,Dormant,10 BTC,0 BTC,1,Legacy (1...)
Unspent/Lost Keys?,1Bitcoin10BTC1017zYvYvYvYvYvYvYvYv,False,,10 BTC,10 BTC,,False,High Analysis Priority (Dormant),,Dormant,10 BTC,0 BTC,1,Legacy (1...)
Unspent/Lost Keys?,1Bitcoin10BTC1018zYvYvYvYvYvYvYvYv,False,,10 BTC,10 BTC,,False,High Analysis Priority (Dormant),,Dormant,10 BTC,0 BTC,1,Legacy (1...)
Unspent/Lost Keys?,1Bitcoin10BTC1019zYvYvYvYvYvYvYvYv,False,,10 BTC,10 BTC,,False,High Analysis Priority (Dormant),,Dormant,10 BTC,0 BTC,1,Legacy (1...)
Unspent/Lost Keys?,1Bitcoin10BTC101azYvYvYvYvYvYvYvYv,False,,10 BTC,10 BTC,,False,High Analysis Priority (Dormant),,Dormant,10 BTC,0 BTC,1,Legacy (1...)
Unspent/Lost Keys?,1Bitcoin10BTC101bzYvYvYvYvYvYvYvYv,False,,10 BTC,10 BTC,,False,High Analysis Priority (Dormant),,Dormant,10 BTC,0 BTC,1,Legacy (1...)
Unspent/Lost Keys?,1Bitcoin10BTC101czYvYvYvYvYvYvYvYv,False,,10 BTC,10 BTC,,False,High Analysis Priority (Dormant),,Dormant,10 BTC,0 BTC,1,Legacy (1...)
Unspent/Lost Keys?,1Bitcoin10BTC101dzYvYvYvYvYvYvYvYv,False,,10 BTC,10 BTC,,False,High Analysis Priority (Dormant),,Dormant,10 BTC,0 BTC,1,Legacy (1...)
Unspent/Lost Keys?,1Bitcoin10BTC101ezYvYvYvYvYvYvYvYv,False,,10 BTC,10 BTC,,False,High Analysis Priority (Dormant),,Dormant,10 BTC,0 BTC,1,Legacy (1...)
Unspent/Lost Keys?,1Bitcoin10BTC101fzYvYvYvYvYvYvYvYv,False,,10 BTC,10 BTC,,False,High Analysis Priority (Dormant),,Dormant,10 BTC,0 BTC,1,Legacy (1...)
Unspent/Lost Keys?,1Bitcoin10BTC1020zYvYvYvYvYvYvYvYv,False,,10 BTC,10 BTC,,False,High Analysis Priority (Dormant),,Dormant,10 BTC,0 BTC,1,Legacy (1...)
Unspent/Lost Keys?,1Bitcoin10BTC1021zYvYvYvYvYvYvYvYv,False,,10 BTC,10 BTC,,False,High Analysis Priority (Dormant),,Dormant,10 BTC,0 BTC,1,Legacy (1...)
Unspent/Lost Keys?,1Bitcoin10BTC1022zYvYvYvYvYvYvYvYv,False,,10 BTC,10 BTC,,False,High Analysis Priority (Dormant),,Dormant,10 BTC,0 BTC,1,Legacy (1...)
Unspent/Lost Keys?,1Bitcoin10BTC1023zYvYvYvYvYvYvYvYv,False,,10 BTC,10 BTC,,False,High Analysis Priority (Dormant),,Dormant,10 BTC,0 BTC,1,Legacy (1...)
Unspent/Lost Keys?,1Bitcoin10BTC1024zYvYvYvYvYvYvYvYv,False,,10 BTC,10 BTC,,False,High Analysis Priority (Dormant),,Dormant,10 BTC,0 BTC,1,Legacy (1...)
Unspent/Lost Keys?,1Bitcoin10BTC1025zYvYvYvYvYvYvYvYv,False,,10 BTC,10 BTC,,False,High Analysis Priority (Dormant),,Dormant,10 BTC,0 BTC,1,Legacy (1...)
Unspent/Lost Keys?,1Bitcoin10BTC1026zYvYvYvYvYvYvYvYv,False,,10 BTC,10 BTC,,False,High Analysis Priority (Dormant),,Dormant,10 BTC,0 BTC,1,Legacy (1...)
Unspent/Lost Keys?,1Bitcoin10BTC1027zYvYvYvYvYvYvYvYv,False,,10 BTC,10 BTC,,False,High Analysis Priority (Dormant),,Dormant,10 BTC,0 BTC,1,Legacy (1...)
Unspent/Lost Keys?,1Bitcoin10BTC1028zYvYvYvYvYvYvYvYv,False,,10 BTC,10 BTC,,False,High Analysis Priority (Dormant),,Dormant,10 BTC,0 BTC,1,Legacy (1...)
Unspent/Lost Keys?,1Bitcoin10BTC1029zYvYvYvYvYvYvYvYv,False,,10 BTC,10 BTC,,False,High Analysis Priority (Dormant),,Dormant,10 BTC,0 BTC,1,Legacy (1...)
Unspent/Lost Keys?,1Bitcoin10BTC102azYvYvYvYvYvYvYvYv,False,,10 BTC,10 BTC,,False,High Analysis Priority (Dormant),,Dormant,10 BTC,0 BTC,1,Legacy (1...)
Unspent/Lost Keys?,1Bitcoin10BTC102bzYvYvYvYvYvYvYvYv,False,,10 BTC,10 BTC,,False,High Analysis Priority (Dormant),,Dormant,10 BTC,0 BTC,1,Legacy (1...)
Unspent/Lost Keys?,1Bitcoin10BTC102czYvYvYvYvYvYvYvYv,False,,10 BTC,10 BTC,,False,High Analysis Priority (Dormant),,Dormant,10 BTC,0 BTC,1,Legacy (1...)
Unspent/Lost Keys?,1Bitcoin10BTC102dzYvYvYvYvYvYvYvYv,False,,10 BTC,10 BTC,,False,High Analysis Priority (Dormant),,Dormant,10 BTC,0 BTC,1,Legacy (1...)
Unspent/Lost Keys?,1Bitcoin10BTC102ezYvYvYvYvYvYvYvYv,False,,10 BTC,10 BTC,,False,High Analysis Priority (Dormant),,Dormant,10 BTC,0 BTC,1,Legacy (1...)
Unspent/Lost Keys?,1Bitcoin10BTC102fzYvYvYvYvYvYvYvYv,False,,10 BTC,10 BTC,,False,High Analysis Priority (Dormant),,Dormant,10 BTC,0 BTC,1,Legacy (1...)
Unspent/Lost Keys?,1Bitcoin10BTC1030zYvYvYvYvYvYvYvYv,False,,10 BTC,10 BTC,,False,High Analysis Priority (Dormant),,Dormant,10 BTC,0 BTC,1,Legacy (1...)
Unspent/Lost Keys?,1Bitcoin10BTC1031zYvYvYvYvYvYvYvYv,False,,10 BTC,10 BTC,,False,High Analysis Priority (Dormant),,Dormant,10 BTC,0 BTC,1,Legacy (1...)
Unspent/Lost Keys?,1Bitcoin10BTC1032zYvYvYvYvYvYvYvYv,False,,10 BTC,10 BTC,,False,High Analysis Priority (Dormant),,Dormant,10 BTC,0 BTC,1,Legacy (1...)
Unspent/Lost Keys?,1Bitcoin10BTC1033zYvYvYvYvYvYvYvYv,False,,10 BTC,10 BTC,,False,High Analysis Priority (Dormant),,Dormant,10 BTC,0 BTC,1,Legacy (1...)
Unspent/Lost Keys?,1Bitcoin10BTC1034zYvYvYvYvYvYvYvYv,False,,10 BTC,10 BTC,,False,High Analysis Priority (Dormant),,Dormant,10 BTC,0 BTC,1,Legacy (1...)
Unspent/Lost Keys?,1Bitcoin10BTC1035zYvYvYvYvYvYvYvYv,False,,10 BTC,10 BTC,,False,High Analysis Priority (Dormant),,Dormant,10 BTC,0 BTC,1,Legacy (1...)
Unspent/Lost Keys?,1Bitcoin10BTC1036zYvYvYvYvYvYvYvYv,False,,10 BTC,10 BTC,,False,High Analysis Priority (Dormant),,Dormant,10 BTC,0 BTC,1,Legacy (1...)
Unspent/Lost Keys?,1Bitcoin10BTC1037zYvYvYvYvYvYvYvYv,False,,10 BTC,10 BTC,,False,High Analysis Priority (Dormant),,Dormant,10 BTC,0 BTC,1,Legacy (1...)
Unspent/Lost Keys?,1Bitcoin10BTC1038zYvYvYvYvYvYvYvYv,False,,10 BTC,10 BTC,,False,High Analysis Priority (Dormant),,Dormant,10 BTC,0 BTC,1,Legacy (1...)
Unspent/Lost Keys?,1Bitcoin10BTC1039zYvYvYvYvYvYvYvYv,False,,10 BTC,10 BTC,,False,High Analysis Priority (Dormant),,Dormant,10 BTC,0 BTC,1,Legacy (1...)
Unspent/Lost Keys?,1Bitcoin10BTC103azYvYvYvYvYvYvYvYv,False,,10 BTC,10 BTC,,False,High Analysis Priority (Dormant),,Dormant,10 BTC,0 BTC,1,Legacy (1...)
Unspent/Lost Keys?,1Bitcoin10BTC103bzYvYvYvYvYvYvYvYv,False,,10 BTC,10 BTC,,False,High Analysis Priority (Dormant),,Dormant,10 BTC,0 BTC,1,Legacy (1...)
Unspent/Lost Keys?,1Bitcoin10BTC103czYvYvYvYvYvYvYvYv,False,,10 BTC,10 BTC,,False,High Analysis Priority (Dormant),,Dormant,10 BTC,0 BTC,1,Legacy (1...)
Unspent/Lost Keys?,1Bitcoin10BTC103dzYvYvYvYvYvYvYvYv,False,,10 BTC,10 BTC,,False,High Analysis Priority (Dormant),,Dormant,10 BTC,0 BTC,1,Legacy (1...)
Unspent/Lost Keys?,1Bitcoin10BTC103ezYvYvYvYvYvYvYvYv,False,,10 BTC,10 BTC,,False,High Analysis Priority (Dormant),,Dormant,10 BTC,0 BTC,1,Legacy (1...)
Unspent/Lost Keys?,1Bitcoin10BTC103fzYvYvYvYvYvYvYvYv,False,,10 BTC,10 BTC,,False,High Analysis Priority (Dormant),,Dormant,10 BTC,0 BTC,1,Legacy (1...)
Unspent/Lost Keys?,1Bitcoin10BTC1040zYvYvYvYvYvYvYvYv,False,,10 BTC,10 BTC,,False,High Analysis Priority (Dormant),,Dormant,10 BTC,0 BTC,1,Legacy (1...)
Unspent/Lost Keys?,1Bitcoin10BTC1041zYvYvYvYvYvYvYvYv,False,,10 BTC,10 BTC,,False,High Analysis Priority (Dormant),,Dormant,10 BTC,0 BTC,1,Legacy (1...)
Unspent/Lost Keys?,1Bitcoin10BTC1042zYvYvYvYvYvYvYvYv,False,,10 BTC,10 BTC,,False,High Analysis Priority (Dormant),,Dormant,10 BTC,0 BTC,1,Legacy (1...)
Unspent/Lost Keys?,1Bitcoin10BTC1043zYvYvYvYvYvYvYvYv,False,,10 BTC,10 BTC,,False,High Analysis Priority (Dormant),,Dormant,10 BTC,0 BTC,1,Legacy (1...)
Unspent/Lost Keys?,1Bitcoin10BTC1044zYvYvYvYvYvYvYvYv,False,,10 BTC,10 BTC,,False,High Analysis Priority (Dormant),,Dormant,10 BTC,0 BTC,1,Legacy (1...)
Unspent/Lost Keys?,1Bitcoin10BTC1045zYvYvYvYvYvYvYvYv,False,,10 BTC,10 BTC,,False,High Analysis Priority (Dormant),,Dormant,10 BTC,0 BTC,1,Legacy (1...)
Unspent/Lost Keys?,1Bitcoin10BTC1046zYvYvYvYvYvYvYvYv,False,,10 BTC,10 BTC,,False,High Analysis Priority (Dormant),,Dormant,10 BTC,0 BTC,1,Legacy (1...)
Unspent/Lost Keys?,1Bitcoin10BTC1047zYvYvYvYvYvYvYvYv,False,,10 BTC,10 BTC,,False,High Analysis Priority (Dormant),,Dormant,10 BTC,0 BTC,1,Legacy (1...)
Unspent/Lost Keys?,1Bitcoin10BTC1048zYvYvYvYvYvYvYvYv,False,,10 BTC,10 BTC,,False,High Analysis Priority (Dormant),,Dormant,10 BTC,0 BTC,1,Legacy (1...)
Unspent/Lost Keys?,1Bitcoin10BTC1049zYvYvYvYvYvYvYvYv,False,,10 BTC,10 BTC,,False,High Analysis Priority (Dormant),,Dormant,10 BTC,0 BTC,1,Legacy (1...)
Unspent/Lost Keys?,1Bitcoin10BTC104azYvYvYvYvYvYvYvYv,False,,10 BTC,10 BTC,,False,High Analysis Priority (Dormant),,Dormant,10 BTC,0 BTC,1,Legacy (1...)
Unspent/Lost Keys?,1Bitcoin10BTC104bzYvYvYvYvYvYvYvYv,False,,10 BTC,10 BTC,,False,High Analysis Priority (Dormant),,Dormant,10 BTC,0 BTC,1,Legacy (1...)
Unspent/Lost Keys?,1Bitcoin10BTC104czYvYvYvYvYvYvYvYv,False,,10 BTC,10 BTC,,False,High Analysis Priority (Dormant),,Dormant,10 BTC,0 BTC,1,Legacy (1...)
Unspent/Lost Keys?,1Bitcoin10BTC104dzYvYvYvYvYvYvYvYv,False,,10 BTC,10 BTC,,False,High Analysis Priority (Dormant),,Dormant,10 BTC,0 BTC,1,Legacy (1...)
Unspent/Lost Keys?,1Bitcoin10BTC104ezYvYvYvYvYvYvYvYv,False,,10 BTC,10 BTC,,False,High Analysis Priority (Dormant),,Dormant,10 BTC,0 BTC,1,Legacy (1...)
Unspent/Lost Keys?,1Bitcoin10BTC104fzYvYvYvYvYvYvYvYv,False,,10 BTC,10 BTC,,False,High Analysis Priority (Dormant),,Dormant,10 BTC,0 BTC,1,Legacy (1...)
Unspent/Lost Keys?,1Bitcoin10BTC1050zYvYvYvYvYvYvYvYv,False,,10 BTC,10 BTC,,False,High Analysis Priority (Dormant),,Dormant,10 BTC,0 BTC,1,Legacy (1...)
Unspent/Lost Keys?,1Bitcoin10BTC1051zYvYvYvYvYvYvYvYv,False,,10 BTC,10 BTC,,False,High Analysis Priority (Dormant),,Dormant,10 BTC,0 BTC,1,Legacy (1...)
Unspent/Lost Keys?,1Bitcoin10BTC1052zYvYvYvYvYvYvYvYv,False,,10 BTC,10 BTC,,False,High Analysis Priority (Dormant),,Dormant,10 BTC,0 BTC,1,Legacy (1...)
Unspent/Lost Keys?,1Bitcoin10BTC1053zYvYvYvYvYvYvYvYv,False,,10 BTC,10 BTC,,False,High Analysis Priority (Dormant),,Dormant,10 BTC,0 BTC,1,Legacy (1...)
Unspent/Lost Keys?,1Bitcoin10BTC1054zYvYvYvYvYvYvYvYv,False,,10 BTC,10 BTC,,False,High Analysis Priority (Dormant),,Dormant,10 BTC,0 BTC,1,Legacy (1...)
Unspent/Lost Keys?,1Bitcoin10BTC1055zYvYvYvYvYvYvYvYv,False,,10 BTC,10 BTC,,False,High Analysis Priority (Dormant),,Dormant,10 BTC,0 BTC,1,Legacy (1...)
Unspent/Lost Keys?,1Bitcoin10BTC1056zYvYvYvYvYvYvYvYv,False,,10 BTC,10 BTC,,False,High Analysis Priority (Dormant),,Dormant,10 BTC,0 BTC,1,Legacy (1...)
Unspent/Lost Keys?,1Bitcoin10BTC1057zYvYvYvYvYvYvYvYv,False,,10 BTC,10 BTC,,False,High Analysis Priority (Dormant),,Dormant,10 BTC,0 BTC,1,Legacy (1...)
Unspent/Lost Keys?,1Bitcoin10BTC1058zYvYvYvYvYvYvYvYv,False,,10 BTC,10 BTC,,False,High Analysis Priority (Dormant),,Dormant,10 BTC,0 BTC,1,Legacy (1...)
Unspent/Lost Keys?,1Bitcoin10BTC1059zYvYvYvYvYvYvYvYv,False,,10 BTC,10 BTC,,False,High Analysis Priority (Dormant),,Dormant,10 BTC,0 BTC,1,Legacy (1...)
Unspent/Lost Keys?,1Bitcoin10BTC105azYvYvYvYvYvYvYvYv,False,,10 BTC,10 BTC,,False,High Analysis Priority (Dormant),,Dormant,10 BTC,0 BTC,1,Legacy (1...)
Unspent/Lost Keys?,1Bitcoin10BTC105bzYvYvYvYvYvYvYvYv,False,,10 BTC,10 BTC,,False,High Analysis Priority (Dormant),,Dormant,10 BTC,0 BTC,1,Legacy (1...)
Unspent/Lost Keys?,1Bitcoin10BTC105czYvYvYvYvYvYvYvYv,False,,10 BTC,10 BTC,,False,High Analysis Priority (Dormant),,Dormant,10 BTC,0 BTC,1,Legacy (1...)
Unspent/Lost Keys?,1Bitcoin10BTC105dzYvYvYvYvYvYvYvYv,False,,10 BTC,10 BTC,,False,High Analysis Priority (Dormant),,Dormant,10 BTC,0 BTC,1,Legacy (1...)
Unspent/Lost Keys?,1Bitcoin10BTC105ezYvYvYvYvYvYvYvYv,False,,10 BTC,10 BTC,,False,High Analysis Priority (Dormant),,Dormant,10 BTC,0 BTC,1,Legacy (1...)
Unspent/Lost Keys?,1Bitcoin10BTC105fzYvYvYvYvYvYvYvYv,False,,10 BTC,10 BTC,,False,High Analysis Priority (Dormant),,Dormant,10 BTC,0 BTC,1,Legacy (1...)
Unspent/Lost Keys?,1Bitcoin10BTC1060zYvYvYvYvYvYvYvYv,False,,10 BTC,10 BTC,,False,High Analysis Priority (Dormant),,Dormant,10 BTC,0 BTC,1,Legacy (1...)
Unspent/Lost Keys?,1Bitcoin10BTC1061zYvYvYvYvYvYvYvYv,False,,10 BTC,10 BTC,,False,High Analysis Priority (Dormant),,Dormant,10 BTC,0 BTC,1,Legacy (1...)
Unspent/Lost Keys?,1Bitcoin10BTC1062zYvYvYvYvYvYvYvYv,False,,10 BTC,10 BTC,,False,High Analysis Priority (Dormant),,Dormant,10 BTC,0 BTC,1,Legacy (1...)
Unspent/Lost Keys?,1Bitcoin10BTC1063zYvYvYvYvYvYvYvYv,False,,10 BTC,10 BTC,,False,High Analysis Priority (Dormant),,Dormant,10 BTC,0 BTC,1,Legacy (1...)
Unspent/Lost Keys?,1Bitcoin10BTC1064zYvYvYvYvYvYvYvYv,False,,10 BTC,10 BTC,,False,High Analysis Priority (Dormant),,Dormant,10 BTC,0 BTC,1,Legacy (1...)
Unspent/Lost Keys?,1Bitcoin10BTC1065zYvYvYvYvYvYvYvYv,False,,10 BTC,10 BTC,,False,High Analysis Priority (Dormant),,Dormant,10 BTC,0 BTC,1,Legacy (1...)
Unspent/Lost Keys?,1Bitcoin10BTC1066zYvYvYvYvYvYvYvYv,False,,10 BTC,10 BTC,,False,High Analysis Priority (Dormant),,Dormant,10 BTC,0 BTC,1,Legacy (1...)
Unspent/Lost Keys?,1Bitcoin10BTC1067zYvYvYvYvYvYvYvYv,False,,10 BTC,10 BTC,,False,High Analysis Priority (Dormant),,Dormant,10 BTC,0 BTC,1,Legacy (1...)
Unspent/Lost Keys?,1Bitcoin10BTC1068zYvYvYvYvYvYvYvYv,False,,10 BTC,10 BTC,,False,High Analysis Priority (Dormant),,Dormant,10 BTC,0 BTC,1,Legacy (1...)
Unspent/Lost Keys?,1Bitcoin10BTC1069zYvYvYvYvYvYvYvYv,False,,10 BTC,10 BTC,,False,High Analysis Priority (Dormant),,Dormant,10 BTC,0 BTC,1,Legacy (1...)
Unspent/Lost Keys?,1Bitcoin10BTC106azYvYvYvYvYvYvYvYv,False,,10 BTC,10 BTC,,False,High Analysis Priority (Dormant),,Dormant,10 BTC,0 BTC,1,Legacy (1...)
Unspent/Lost Keys?,1Bitcoin10BTC106bzYvYvYvYvYvYvYvYv,False,,10 BTC,10 BTC,,False,High Analysis Priority (Dormant),,Dormant,10 BTC,0 BTC,1,Legacy (1...)
Unspent/Lost Keys?,1Bitcoin10BTC106czYvYvYvYvYvYvYvYv,False,,10 BTC,10 BTC,,False,High Analysis Priority (Dormant),,Dormant,10 BTC,0 BTC,1,Legacy (1...)
Unspent/Lost Keys?,1Bitcoin10BTC106dzYvYvYvYvYvYvYvYv,False,,10 BTC,10 BTC,,False,High Analysis Priority (Dormant),,Dormant,10 BTC,0 BTC,1,Legacy (1...)
Unspent/Lost Keys?,1Bitcoin10BTC106ezYvYvYvYvYvYvYvYv,False,,10 BTC,10 BTC,,False,High Analysis Priority (Dormant),,Dormant,10 BTC,0 BTC,1,Legacy (1...)
Unspent/Lost Keys?,1Bitcoin10BTC106fzYvYvYvYvYvYvYvYv,False,,10 BTC,10 BTC,,False,High Analysis Priority (Dormant),,Dormant,10 BTC,0 BTC,1,Legacy (1...)
Unspent/Lost Keys?,1Bitcoin10BTC1070zYvYvYvYvYvYvYvYv,False,,10 BTC,10 BTC,,False,High Analysis Priority (Dormant),,Dormant,10 BTC,0 BTC,1,Legacy (1...)
Unspent/Lost Keys?,1Bitcoin10BTC1071zYvYvYvYvYvYvYvYv,False,,10 BTC,10 BTC,,False,High Analysis Priority (Dormant),,Dormant,10 BTC,0 BTC,1,Legacy (1...)
Unspent/Lost Keys?,1Bitcoin10BTC1072zYvYvYvYvYvYvYvYv,False,,10 BTC,10 BTC,,False,High Analysis Priority (Dormant),,Dormant,10 BTC,0 BTC,1,Legacy (1...)
Unspent/Lost Keys?,1Bitcoin10BTC1073zYvYvYvYvYvYvYvYv,False,,10 BTC,10 BTC,,False,High Analysis Priority (Dormant),,Dormant,10 BTC,0 BTC,1,Legacy (1...)
Unspent/Lost Keys?,1Bitcoin10BTC1074zYvYvYvYvYvYvYvYv,False,,10 BTC,10 BTC,,False,High Analysis Priority (Dormant),,Dormant,10 BTC,0 BTC,1,Legacy (1...)
Unspent/Lost Keys?,1Bitcoin10BTC1075zYvYvYvYvYvYvYvYv,False,,10 BTC,10 BTC,,False,High Analysis Priority (Dormant),,Dormant,10 BTC,0 BTC,1,Legacy (1...)
Unspent/Lost Keys?,1Bitcoin10BTC1076zYvYvYvYvYvYvYvYv,False,,10 BTC,10 BTC,,False,High Analysis Priority (Dormant),,Dormant,10 BTC,0 BTC,1,Legacy (1...)
Unspent/Lost Keys?,1Bitcoin10BTC1077zYvYvYvYvYvYvYvYv,False,,10 BTC,10 BTC,,False,High Analysis Priority (Dormant),,Dormant,10 BTC,0 BTC,1,Legacy (1...)
Unspent/Lost Keys?,1Bitcoin10BTC1078zYvYvYvYvYvYvYvYv,False,,10 BTC,10 BTC,,False,High Analysis Priority (Dormant),,Dormant,10 BTC,0 BTC,1,Legacy (1...)
Unspent/Lost Keys?,1Bitcoin10BTC1079zYvYvYvYvYvYvYvYv,False,,10 BTC,10 BTC,,False,High Analysis Priority (Dormant),,Dormant,10 BTC,0 BTC,1,Legacy (1...)
Unspent/Lost Keys?,1Bitcoin10BTC107azYvYvYvYvYvYvYvYv,False,,10 BTC,10 BTC,,False,High Analysis Priority (Dormant),,Dormant,10 BTC,0 BTC,1,Legacy (1...)
Unspent/Lost Keys?,1Bitcoin10BTC107bzYvYvYvYvYvYvYvYv,False,,10 BTC,10 BTC,,False,High Analysis Priority (Dormant),,Dormant,10 BTC,0 BTC,1,Legacy (1...)
Unspent/Lost Keys?,1Bitcoin10BTC107czYvYvYvYvYvYvYvYv,False,,10 BTC,10 BTC,,False,High Analysis Priority (Dormant),,Dormant,10 BTC,0 BTC,1,Legacy (1...)
Unspent/Lost Keys?,1Bitcoin10BTC107dzYvYvYvYvYvYvYvYv,False,,10 BTC,10 BTC,,False,High Analysis Priority (Dormant),,Dormant,10 BTC,0 BTC,1,Legacy (1...)
Unspent/Lost Keys?,1Bitcoin10BTC107ezYvYvYvYvYvYvYvYv,False,,10 BTC,10 BTC,,False,High Analysis Priority (Dormant),,Dormant,10 BTC,0 BTC,1,Legacy (1...)
Unspent/Lost Keys?,1Bitcoin10BTC107fzYvYvYvYvYvYvYvYv,False,,10 BTC,10 BTC,,False,High Analysis Priority (Dormant),,Dormant,10 BTC,0 BTC,1,Legacy (1...)
Unspent/Lost Keys?,1Bitcoin10BTC1080zYvYvYvYvYvYvYvYv,False,,10 BTC,10 BTC,,False,High Analysis Priority (Dormant),,Dormant,10 BTC,0 BTC,1,Legacy (1...)
Unspent/Lost Keys?,1Bitcoin10BTC1081zYvYvYvYvYvYvYvYv,False,,10 BTC,10 BTC,,False,High Analysis Priority (Dormant),,Dormant,10 BTC,0 BTC,1,Legacy (1...)
Unspent/Lost Keys?,1Bitcoin10BTC1082zYvYvYvYvYvYvYvYv,False,,10 BTC,10 BTC,,False,High Analysis Priority (Dormant),,Dormant,10 BTC,0 BTC,1,Legacy (1...)
Unspent/Lost Keys?,1Bitcoin10BTC1083zYvYvYvYvYvYvYvYv,False,,10 BTC,10 BTC,,False,High Analysis Priority (Dormant),,Dormant,10 BTC,0 BTC,1,Legacy (1...)
Unspent/Lost Keys?,1Bitcoin10BTC1084zYvYvYvYvYvYvYvYv,False,,10 BTC,10 BTC,,False,High Analysis Priority (Dormant),,Dormant,10 BTC,0 BTC,1,Legacy (1...)
Unspent/Lost Keys?,1Bitcoin10BTC1085zYvYvYvYvYvYvYvYv,False,,10 BTC,10 BTC,,False,High Analysis Priority (Dormant),,Dormant,10 BTC,0 BTC,1,Legacy (1...)
Unspent/Lost Keys?,1Bitcoin10BTC1086zYvYvYvYvYvYvYvYv,False,,10 BTC,10 BTC,,False,High Analysis Priority (Dormant),,Dormant,10 BTC,0 BTC,1,Legacy (1...)
Unspent/Lost Keys?,1Bitcoin10BTC1087zYvYvYvYvYvYvYvYv,False,,10 BTC,10 BTC,,False,High Analysis Priority (Dormant),,Dormant,10 BTC,0 BTC,1,Legacy (1...)
Unspent/Lost Keys?,1Bitcoin10BTC1088zYvYvYvYvYvYvYvYv,False,,10 BTC,10 BTC,,False,High Analysis Priority (Dormant),,Dormant,10 BTC,0 BTC,1,Legacy (1...)
Unspent/Lost Keys?,1Bitcoin10BTC1089zYvYvYvYvYvYvYvYv,False,,10 BTC,10 BTC,,False,High Analysis Priority (Dormant),,Dormant,10 BTC,0 BTC,1,Legacy (1...)
Unspent/Lost Keys?,1Bitcoin10BTC108azYvYvYvYvYvYvYvYv,False,,10 BTC,10 BTC,,False,High Analysis Priority (Dormant),,Dormant,10 BTC,0 BTC,1,Legacy (1...)
Unspent/Lost Keys?,1Bitcoin10BTC108bzYvYvYvYvYvYvYvYv,False,,10 BTC,10 BTC,,False,High Analysis Priority (Dormant),,Dormant,10 BTC,0 BTC,1,Legacy (1...)
Unspent/Lost Keys?,1Bitcoin10BTC108czYvYvYvYvYvYvYvYv,False,,10 BTC,10 BTC,,False,High Analysis Priority (Dormant),,Dormant,10 BTC,0 BTC,1,Legacy (1...)
Unspent/Lost Keys?,1Bitcoin10BTC108dzYvYvYvYvYvYvYvYv,False,,10 BTC,10 BTC,,False,High Analysis Priority (Dormant),,Dormant,10 BTC,0 BTC,1,Legacy (1...)
Unspent/Lost Keys?,1Bitcoin10BTC108ezYvYvYvYvYvYvYvYv,False,,10 BTC,10 BTC,,False,High Analysis Priority (Dormant),,Dormant,10 BTC,0 BTC,1,Legacy (1...)
Unspent/Lost Keys?,1Bitcoin10BTC108fzYvYvYvYvYvYvYvYv,False,,10 BTC,10 BTC,,False,High Analysis Priority (Dormant),,Dormant,10 BTC,0 BTC,1,Legacy (1...)
Unspent/Lost Keys?,1Bitcoin10BTC1090zYvYvYvYvYvYvYvYv,False,,10 BTC,10 BTC,,False,High Analysis Priority (Dormant),,Dormant,10 BTC,0 BTC,1,Legacy (1...)
Unspent/Lost Keys?,1Bitcoin10BTC1091zYvYvYvYvYvYvYvYv,False,,10 BTC,10 BTC,,False,High Analysis Priority (Dormant),,Dormant,10 BTC,0 BTC,1,Legacy (1...)
Unspent/Lost Keys?,1Bitcoin10BTC1092zYvYvYvYvYvYvYvYv,False,,10 BTC,10 BTC,,False,High Analysis Priority (Dormant),,Dormant,10 BTC,0 BTC,1,Legacy (1...)
Unspent/Lost Keys?,1Bitcoin10BTC1093zYvYvYvYvYvYvYvYv,False,,10 BTC,10 BTC,,False,High Analysis Priority (Dormant),,Dormant,10 BTC,0 BTC,1,Legacy (1...)
Unspent/Lost Keys?,1Bitcoin10BTC1094zYvYvYvYvYvYvYvYv,False,,10 BTC,10 BTC,,False,High Analysis Priority (Dormant),,Dormant,10 BTC,0 BTC,1,Legacy (1...)
Unspent/Lost Keys?,1Bitcoin10BTC1095zYvYvYvYvYvYvYvYv,False,,10 BTC,10 BTC,,False,High Analysis Priority (Dormant),,Dormant,10 BTC,0 BTC,1,Legacy (1...)
Unspent/Lost Keys?,1Bitcoin10BTC1096zYvYvYvYvYvYvYvYv,False,,10 BTC,10 BTC,,False,High Analysis Priority (Dormant),,Dormant,10 BTC,0 BTC,1,Legacy (1...)
Unspent/Lost Keys?,1Bitcoin10BTC1097zYvYvYvYvYvYvYvYv,False,,10 BTC,10 BTC,,False,High Analysis Priority (Dormant),,Dormant,10 BTC,0 BTC,1,Legacy (1...)
Unspent/Lost Keys?,1Bitcoin10BTC1098zYvYvYvYvYvYvYvYv,False,,10 BTC,10 BTC,,False,High Analysis Priority (Dormant),,Dormant,10 BTC,0 BTC,1,Legacy (1...)
Unspent/Lost Keys?,1Bitcoin10BTC1099zYvYvYvYvYvYvYvYv,False,,10 BTC,10 BTC,,False,High Analysis Priority (Dormant),,Dormant,10 BTC,0 BTC,1,Legacy (1...)
Unspent/Lost Keys?,1Bitcoin10BTC109azYvYvYvYvYvYvYvYv,False,,10 BTC,10 BTC,,False,High Analysis Priority (Dormant),,Dormant,10 BTC,0 BTC,1,Legacy (1...)
Unspent/Lost Keys?,1Bitcoin10BTC109bzYvYvYvYvYvYvYvYv,False,,10 BTC,10 BTC,,False,High Analysis Priority (Dormant),,Dormant,10 BTC,0 BTC,1,Legacy (1...)
Unspent/Lost Keys?,1Bitcoin10BTC109czYvYvYvYvYvYvYvYv,False,,10 BTC,10 BTC,,False,High Analysis Priority (Dormant),,Dormant,10 BTC,0 BTC,1,Legacy (1...)
Unspent/Lost Keys?,1Bitcoin10BTC109dzYvYvYvYvYvYvYvYv,False,,10 BTC,10 BTC,,False,High Analysis Priority (Dormant),,Dormant,10 BTC,0 BTC,1,Legacy (1...)
Unspent/Lost Keys?,1Bitcoin10BTC109ezYvYvYvYvYvYvYvYv,False,,10 BTC,10 BTC,,False,High Analysis Priority (Dormant),,Dormant,10 BTC,0 BTC,1,Legacy (1...)
Unspent/Lost Keys?,1Bitcoin10BTC109fzYvYvYvYvYvYvYvYv,False,,10 BTC,10 BTC,,False,High Analysis Priority (Dormant),,Dormant,10 BTC,0 BTC,1,Legacy (1...)
Unspent/Lost Keys?,1Bitcoin10BTC10a0zYvYvYvYvYvYvYvYv,False,,10 BTC,10 BTC,,False,High Analysis Priority (Dormant),,Dormant,10 BTC,0 BTC,1,Legacy (1...)
Unspent/Lost Keys?,1Bitcoin10BTC10a1zYvYvYvYvYvYvYvYv,False,,10 BTC,10 BTC,,False,High Analysis Priority (Dormant),,Dormant,10 BTC,0 BTC,1,Legacy (1...)
Unspent/Lost Keys?,1Bitcoin10BTC10a2zYvYvYvYvYvYvYvYv,False,,10 BTC,10 BTC,,False,High Analysis Priority (Dormant),,Dormant,10 BTC,0 BTC,1,Legacy (1...)
Unspent/Lost Keys?,1Bitcoin10BTC10a3zYvYvYvYvYvYvYvYv,False,,10 BTC,10 BTC,,False,High Analysis Priority (Dormant),,Dormant,10 BTC,0 BTC,1,Legacy (1...)
Unspent/Lost Keys?,1Bitcoin10BTC10a4zYvYvYvYvYvYvYvYv,False,,10 BTC,10 BTC,,False,High Analysis Priority (Dormant),,Dormant,10 BTC,0 BTC,1,Legacy (1...)
Unspent/Lost Keys?,1Bitcoin10BTC10a5zYvYvYvYvYvYvYvYv,False,,10 BTC,10 BTC,,False,High Analysis Priority (Dormant),,Dormant,10 BTC,0 BTC,1,Legacy (1...)
Unspent/Lost Keys?,1Bitcoin10BTC10a6zYvYvYvYvYvYvYvYv,False,,10 BTC,10 BTC,,False,High Analysis Priority (Dormant),,Dormant,10 BTC,0 BTC,1,Legacy (1...)
Unspent/Lost Keys?,1Bitcoin10BTC10a7zYvYvYvYvYvYvYvYv,False,,10 BTC,10 BTC,,False,High Analysis Priority (Dormant),,Dormant,10 BTC,0 BTC,1,Legacy (1...)
Unspent/Lost Keys?,1Bitcoin10BTC10a8zYvYvYvYvYvYvYvYv,False,,10 BTC,10 BTC,,False,High Analysis Priority (Dormant),,Dormant,10 BTC,0 BTC,1,Legacy (1...)
Unspent/Lost Keys?,1Bitcoin10BTC10a9zYvYvYvYvYvYvYvYv,False,,10 BTC,10 BTC,,False,High Analysis Priority (Dormant),,Dormant,10 BTC,0 BTC,1,Legacy (1...)
Unspent/Lost Keys?,1Bitcoin10BTC10aazYvYvYvYvYvYvYvYv,False,,10 BTC,10 BTC,,False,High Analysis Priority (Dormant),,Dormant,10 BTC,0 BTC,1,Legacy (1...)
Unspent/Lost Keys?,1Bitcoin10BTC10abzYvYvYvYvYvYvYvYv,False,,10 BTC,10 BTC,,False,High Analysis Priority (Dormant),,Dormant,10 BTC,0 BTC,1,Legacy (1...)
Unspent/Lost Keys?,1Bitcoin10BTC10aczYvYvYvYvYvYvYvYv,False,,10 BTC,10 BTC,,False,High Analysis Priority (Dormant),,Dormant,10 BTC,0 BTC,1,Legacy (1...)
Unspent/Lost Keys?,1Bitcoin10BTC10adzYvYvYvYvYvYvYvYv,False,,10 BTC,10 BTC,,False,High Analysis Priority (Dormant),,Dormant,10 BTC,0 BTC,1,Legacy (1...)
Unspent/Lost Keys?,1Bitcoin10BTC10aezYvYvYvYvYvYvYvYv,False,,10 BTC,10 BTC,,False,High Analysis Priority (Dormant),,Dormant,10 BTC,0 BTC,1,Legacy (1...)
Unspent/Lost Keys?,1Bitcoin10BTC10afzYvYvYvYvYvYvYvYv,False,,10 BTC,10 BTC,,False,High Analysis Priority (Dormant),,Dormant,10 BTC,0 BTC,1,Legacy (1...)
Unspent/Lost Keys?,1Bitcoin10BTC10b0zYvYvYvYvYvYvYvYv,False,,10 BTC,10 BTC,,False,High Analysis Priority (Dormant),,Dormant,10 BTC,0 BTC,1,Legacy (1...)
Unspent/Lost Keys?,1Bitcoin10BTC10b1zYvYvYvYvYvYvYvYv,False,,10 BTC,10 BTC,,False,High Analysis Priority (Dormant),,Dormant,10 BTC,0 BTC,1,Legacy (1...)
Unspent/Lost Keys?,1Bitcoin10BTC10b2zYvYvYvYvYvYvYvYv,False,,10 BTC,10 BTC,,False,High Analysis Priority (Dormant),,Dormant,10 BTC,0 BTC,1,Legacy (1...)
Unspent/Lost Keys?,1Bitcoin10BTC10b3zYvYvYvYvYvYvYvYv,False,,10 BTC,10 BTC,,False,High Analysis Priority (Dormant),,Dormant,10 BTC,0 BTC,1,Legacy (1...)
Unspent/Lost Keys?,1Bitcoin10BTC10b4zYvYvYvYvYvYvYvYv,False,,10 BTC,10 BTC,,False,High Analysis Priority (Dormant),,Dormant,10 BTC,0 BTC,1,Legacy (1...)
Unspent/Lost Keys?,1Bitcoin10BTC10b5zYvYvYvYvYvYvYvYv,False,,10 BTC,10 BTC,,False,High Analysis Priority (Dormant),,Dormant,10 BTC,0 BTC,1,Legacy (1...)
Unspent/Lost Keys?,1Bitcoin10BTC10b6zYvYvYvYvYvYvYvYv,False,,10 BTC,10 BTC,,False,High Analysis Priority (Dormant),,Dormant,10 BTC,0 BTC,1,Legacy (1...)
Unspent/Lost Keys?,1Bitcoin10BTC10b7zYvYvYvYvYvYvYvYv,False,,10 BTC,10 BTC,,False,High Analysis Priority (Dormant),,Dormant,10 BTC,0 BTC,1,Legacy (1...)
Unspent/Lost Keys?,1Bitcoin10BTC10b8zYvYvYvYvYvYvYvYv,False,,10 BTC,10 BTC,,False,High Analysis Priority (Dormant),,Dormant,10 BTC,0 BTC,1,Legacy (1...)
Unspent/Lost Keys?,1Bitcoin10BTC10b9zYvYvYvYvYvYvYvYv,False,,10 BTC,10 BTC,,False,High Analysis Priority (Dormant),,Dormant,10 BTC,0 BTC,1,Legacy (1...)
Unspent/Lost Keys?,1Bitcoin10BTC10bazYvYvYvYvYvYvYvYv,False,,10 BTC,10 BTC,,False,High Analysis Priority (Dormant),,Dormant,10 BTC,0 BTC,1,Legacy (1...)
Unspent/Lost Keys?,1Bitcoin10BTC10bbzYvYvYvYvYvYvYvYv,False,,10 BTC,10 BTC,,False,High Analysis Priority (Dormant),,Dormant,10 BTC,0 BTC,1,Legacy (1...)
Unspent/Lost Keys?,1Bitcoin10BTC10bczYvYvYvYvYvYvYvYv,False,,10 BTC,10 BTC,,False,High Analysis Priority (Dormant),,Dormant,10 BTC,0 BTC,1,Legacy (1...)
Unspent/Lost Keys?,1Bitcoin10BTC10bdzYvYvYvYvYvYvYvYv,False,,10 BTC,10 BTC,,False,High Analysis Priority (Dormant),,Dormant,10 BTC,0 BTC,1,Legacy (1...)
Unspent/Lost Keys?,1Bitcoin10BTC10bezYvYvYvYvYvYvYvYv,False,,10 BTC,10 BTC,,False,High Analysis Priority (Dormant),,Dormant,10 BTC,0 BTC,1,Legacy (1...)
Unspent/Lost Keys?,1Bitcoin10BTC10bfzYvYvYvYvYvYvYvYv,False,,10 BTC,10 BTC,,False,High Analysis Priority (Dormant),,Dormant,10 BTC,0 BTC,1,Legacy (1...)
Unspent/Lost Keys?,1Bitcoin10BTC10c0zYvYvYvYvYvYvYvYv,False,,10 BTC,10 BTC,,False,High Analysis Priority (Dormant),,Dormant,10 BTC,0 BTC,1,Legacy (1...)
Unspent/Lost Keys?,1Bitcoin10BTC10c1zYvYvYvYvYvYvYvYv,False,,10 BTC,10 BTC,,False,High Analysis Priority (Dormant),,Dormant,10 BTC,0 BTC,1,Legacy (1...)
Unspent/Lost Keys?,1Bitcoin10BTC10c2zYvYvYvYvYvYvYvYv,False,,10 BTC,10 BTC,,False,High Analysis Priority (Dormant),,Dormant,10 BTC,0 BTC,1,Legacy (1...)
Unspent/Lost Keys?,1Bitcoin10BTC10c3zYvYvYvYvYvYvYvYv,False,,10 BTC,10 BTC,,False,High Analysis Priority (Dormant),,Dormant,10 BTC,0 BTC,1,Legacy (1...)
Unspent/Lost Keys?,1Bitcoin10BTC10c4zYvYvYvYvYvYvYvYv,False,,10 BTC,10 BTC,,False,High Analysis Priority (Dormant),,Dormant,10 BTC,0 BTC,1,Legacy (1...)
Unspent/Lost Keys?,1Bitcoin10BTC10c5zYvYvYvYvYvYvYvYv,False,,10 BTC,10 BTC,,False,High Analysis Priority (Dormant),,Dormant,10 BTC,0 BTC,1,Legacy (1...)
Unspent/Lost Keys?,1Bitcoin10BTC10c6zYvYvYvYvYvYvYvYv,False,,10 BTC,10 BTC,,False,High Analysis Priority (Dormant),,Dormant,10 BTC,0 BTC,1,Legacy (1...)
Unspent/Lost Keys?,1Bitcoin10BTC10c7zYvYvYvYvYvYvYvYv,False,,10 BTC,10 BTC,,False,High Analysis Priority (Dormant),,Dormant,10 BTC,0 BTC,1,Legacy (1...)
